--
-- PostgreSQL database dump
--

\restrict LoE3XgCLIhhSMovwRne4vzp1gUO6ukPVk95mkpAd4HHlUYgX2SYZkzGqwBZGTWf

-- Dumped from database version 18.3 (Debian 18.3-1.pgdg12+1)
-- Dumped by pg_dump version 18.3

-- Started on 2026-04-07 18:23:48

SET statement_timeout = 0;
SET lock_timeout = 0;
SET idle_in_transaction_session_timeout = 0;
SET transaction_timeout = 0;
SET client_encoding = 'UTF8';
SET standard_conforming_strings = on;
SELECT pg_catalog.set_config('search_path', '', false);
SET check_function_bodies = false;
SET xmloption = content;
SET client_min_messages = warning;
SET row_security = off;

--
-- TOC entry 3734 (class 1262 OID 16389)
-- Name: lapstore_db; Type: DATABASE; Schema: -; Owner: lapstore_db_user
--

CREATE DATABASE lapstore_db WITH TEMPLATE = template0 ENCODING = 'UTF8' LOCALE_PROVIDER = libc LOCALE = 'en_US.UTF8';


ALTER DATABASE lapstore_db OWNER TO lapstore_db_user;

\unrestrict LoE3XgCLIhhSMovwRne4vzp1gUO6ukPVk95mkpAd4HHlUYgX2SYZkzGqwBZGTWf
\connect lapstore_db
\restrict LoE3XgCLIhhSMovwRne4vzp1gUO6ukPVk95mkpAd4HHlUYgX2SYZkzGqwBZGTWf

SET statement_timeout = 0;
SET lock_timeout = 0;
SET idle_in_transaction_session_timeout = 0;
SET transaction_timeout = 0;
SET client_encoding = 'UTF8';
SET standard_conforming_strings = on;
SELECT pg_catalog.set_config('search_path', '', false);
SET check_function_bodies = false;
SET xmloption = content;
SET client_min_messages = warning;
SET row_security = off;

--
-- TOC entry 3735 (class 0 OID 0)
-- Name: lapstore_db; Type: DATABASE PROPERTIES; Schema: -; Owner: lapstore_db_user
--

ALTER DATABASE lapstore_db SET "TimeZone" TO 'utc';


\unrestrict LoE3XgCLIhhSMovwRne4vzp1gUO6ukPVk95mkpAd4HHlUYgX2SYZkzGqwBZGTWf
\connect lapstore_db
\restrict LoE3XgCLIhhSMovwRne4vzp1gUO6ukPVk95mkpAd4HHlUYgX2SYZkzGqwBZGTWf

SET statement_timeout = 0;
SET lock_timeout = 0;
SET idle_in_transaction_session_timeout = 0;
SET transaction_timeout = 0;
SET client_encoding = 'UTF8';
SET standard_conforming_strings = on;
SELECT pg_catalog.set_config('search_path', '', false);
SET check_function_bodies = false;
SET xmloption = content;
SET client_min_messages = warning;
SET row_security = off;

--
-- TOC entry 5 (class 2615 OID 2200)
-- Name: public; Type: SCHEMA; Schema: -; Owner: lapstore_db_user
--

-- *not* creating schema, since initdb creates it


ALTER SCHEMA public OWNER TO lapstore_db_user;

SET default_tablespace = '';

SET default_table_access_method = heap;

--
-- TOC entry 220 (class 1259 OID 16414)
-- Name: admin_audit_logs; Type: TABLE; Schema: public; Owner: lapstore_db_user
--

CREATE TABLE public.admin_audit_logs (
    id integer NOT NULL,
    user_id integer,
    module character varying(80) NOT NULL,
    action character varying(120) NOT NULL,
    target_type character varying(80) DEFAULT NULL::character varying,
    target_id character varying(80) DEFAULT NULL::character varying,
    metadata jsonb,
    created_at timestamp without time zone DEFAULT CURRENT_TIMESTAMP
);


ALTER TABLE public.admin_audit_logs OWNER TO lapstore_db_user;

--
-- TOC entry 219 (class 1259 OID 16413)
-- Name: admin_audit_logs_id_seq; Type: SEQUENCE; Schema: public; Owner: lapstore_db_user
--

ALTER TABLE public.admin_audit_logs ALTER COLUMN id ADD GENERATED BY DEFAULT AS IDENTITY (
    SEQUENCE NAME public.admin_audit_logs_id_seq
    START WITH 1
    INCREMENT BY 1
    NO MINVALUE
    NO MAXVALUE
    CACHE 1
);


--
-- TOC entry 221 (class 1259 OID 16428)
-- Name: app_settings; Type: TABLE; Schema: public; Owner: lapstore_db_user
--

CREATE TABLE public.app_settings (
    key character varying(80) NOT NULL,
    value jsonb NOT NULL,
    updated_at timestamp without time zone DEFAULT CURRENT_TIMESTAMP
);


ALTER TABLE public.app_settings OWNER TO lapstore_db_user;

--
-- TOC entry 223 (class 1259 OID 16439)
-- Name: banners; Type: TABLE; Schema: public; Owner: lapstore_db_user
--

CREATE TABLE public.banners (
    id integer NOT NULL,
    title character varying(255) NOT NULL,
    image character varying(255) DEFAULT NULL::character varying,
    link character varying(255) DEFAULT NULL::character varying,
    is_active smallint DEFAULT '1'::smallint,
    created_at timestamp without time zone DEFAULT CURRENT_TIMESTAMP
);


ALTER TABLE public.banners OWNER TO lapstore_db_user;

--
-- TOC entry 222 (class 1259 OID 16438)
-- Name: banners_id_seq; Type: SEQUENCE; Schema: public; Owner: lapstore_db_user
--

ALTER TABLE public.banners ALTER COLUMN id ADD GENERATED BY DEFAULT AS IDENTITY (
    SEQUENCE NAME public.banners_id_seq
    START WITH 1
    INCREMENT BY 1
    NO MINVALUE
    NO MAXVALUE
    CACHE 1
);


--
-- TOC entry 225 (class 1259 OID 16453)
-- Name: brands; Type: TABLE; Schema: public; Owner: lapstore_db_user
--

CREATE TABLE public.brands (
    id integer NOT NULL,
    name character varying(120) NOT NULL,
    slug character varying(160) NOT NULL,
    logo_url character varying(255) DEFAULT NULL::character varying,
    sort_order integer DEFAULT 0,
    is_active smallint DEFAULT '1'::smallint,
    created_at timestamp without time zone DEFAULT CURRENT_TIMESTAMP,
    updated_at timestamp without time zone DEFAULT CURRENT_TIMESTAMP
);


ALTER TABLE public.brands OWNER TO lapstore_db_user;

--
-- TOC entry 224 (class 1259 OID 16452)
-- Name: brands_id_seq; Type: SEQUENCE; Schema: public; Owner: lapstore_db_user
--

ALTER TABLE public.brands ALTER COLUMN id ADD GENERATED BY DEFAULT AS IDENTITY (
    SEQUENCE NAME public.brands_id_seq
    START WITH 1
    INCREMENT BY 1
    NO MINVALUE
    NO MAXVALUE
    CACHE 1
);


--
-- TOC entry 227 (class 1259 OID 16473)
-- Name: categories; Type: TABLE; Schema: public; Owner: lapstore_db_user
--

CREATE TABLE public.categories (
    id integer NOT NULL,
    parent_id integer,
    name character varying(150) NOT NULL,
    slug character varying(180) NOT NULL,
    sort_order integer DEFAULT 0,
    is_active smallint DEFAULT '1'::smallint,
    meta_title character varying(255) DEFAULT NULL::character varying,
    meta_description character varying(500) DEFAULT NULL::character varying,
    created_at timestamp without time zone DEFAULT CURRENT_TIMESTAMP,
    updated_at timestamp without time zone DEFAULT CURRENT_TIMESTAMP
);


ALTER TABLE public.categories OWNER TO lapstore_db_user;

--
-- TOC entry 226 (class 1259 OID 16472)
-- Name: categories_id_seq; Type: SEQUENCE; Schema: public; Owner: lapstore_db_user
--

ALTER TABLE public.categories ALTER COLUMN id ADD GENERATED BY DEFAULT AS IDENTITY (
    SEQUENCE NAME public.categories_id_seq
    START WITH 1
    INCREMENT BY 1
    NO MINVALUE
    NO MAXVALUE
    CACHE 1
);


--
-- TOC entry 229 (class 1259 OID 16493)
-- Name: customers; Type: TABLE; Schema: public; Owner: lapstore_db_user
--

CREATE TABLE public.customers (
    id integer NOT NULL,
    user_id integer,
    full_name character varying(150) NOT NULL,
    email character varying(120) DEFAULT NULL::character varying,
    phone character varying(20) DEFAULT NULL::character varying,
    status character varying(64) DEFAULT 'active'::character varying,
    customer_group character varying(64) DEFAULT 'retail'::character varying,
    loyalty_points integer DEFAULT 0,
    total_spent numeric(14,2) DEFAULT 0.00,
    created_at timestamp without time zone DEFAULT CURRENT_TIMESTAMP,
    updated_at timestamp without time zone DEFAULT CURRENT_TIMESTAMP,
    CONSTRAINT customers_customer_group_check CHECK (((customer_group)::text = ANY ((ARRAY['retail'::character varying, 'vip'::character varying, 'wholesale'::character varying])::text[]))),
    CONSTRAINT customers_status_check CHECK (((status)::text = ANY ((ARRAY['active'::character varying, 'blocked'::character varying])::text[])))
);


ALTER TABLE public.customers OWNER TO lapstore_db_user;

--
-- TOC entry 228 (class 1259 OID 16492)
-- Name: customers_id_seq; Type: SEQUENCE; Schema: public; Owner: lapstore_db_user
--

ALTER TABLE public.customers ALTER COLUMN id ADD GENERATED BY DEFAULT AS IDENTITY (
    SEQUENCE NAME public.customers_id_seq
    START WITH 1
    INCREMENT BY 1
    NO MINVALUE
    NO MAXVALUE
    CACHE 1
);


--
-- TOC entry 231 (class 1259 OID 16512)
-- Name: flash_sales; Type: TABLE; Schema: public; Owner: lapstore_db_user
--

CREATE TABLE public.flash_sales (
    id integer NOT NULL,
    product_id integer NOT NULL,
    variant_id integer,
    sale_price numeric(12,2) NOT NULL,
    quantity_limit integer DEFAULT 0,
    sold_count integer DEFAULT 0,
    starts_at timestamp without time zone NOT NULL,
    ends_at timestamp without time zone NOT NULL,
    is_active smallint DEFAULT '1'::smallint,
    created_at timestamp without time zone DEFAULT CURRENT_TIMESTAMP
);


ALTER TABLE public.flash_sales OWNER TO lapstore_db_user;

--
-- TOC entry 230 (class 1259 OID 16511)
-- Name: flash_sales_id_seq; Type: SEQUENCE; Schema: public; Owner: lapstore_db_user
--

ALTER TABLE public.flash_sales ALTER COLUMN id ADD GENERATED BY DEFAULT AS IDENTITY (
    SEQUENCE NAME public.flash_sales_id_seq
    START WITH 1
    INCREMENT BY 1
    NO MINVALUE
    NO MAXVALUE
    CACHE 1
);


--
-- TOC entry 233 (class 1259 OID 16529)
-- Name: inventory_transactions; Type: TABLE; Schema: public; Owner: lapstore_db_user
--

CREATE TABLE public.inventory_transactions (
    id integer NOT NULL,
    variant_id integer NOT NULL,
    type character varying(64) NOT NULL,
    quantity integer NOT NULL,
    unit_cost numeric(14,2) DEFAULT 0.00,
    supplier character varying(160) DEFAULT NULL::character varying,
    reference_code character varying(100) DEFAULT NULL::character varying,
    note character varying(255) DEFAULT NULL::character varying,
    created_by integer,
    created_at timestamp without time zone DEFAULT CURRENT_TIMESTAMP,
    CONSTRAINT inventory_transactions_type_check CHECK (((type)::text = ANY ((ARRAY['import'::character varying, 'export'::character varying, 'adjustment'::character varying])::text[])))
);


ALTER TABLE public.inventory_transactions OWNER TO lapstore_db_user;

--
-- TOC entry 232 (class 1259 OID 16528)
-- Name: inventory_transactions_id_seq; Type: SEQUENCE; Schema: public; Owner: lapstore_db_user
--

ALTER TABLE public.inventory_transactions ALTER COLUMN id ADD GENERATED BY DEFAULT AS IDENTITY (
    SEQUENCE NAME public.inventory_transactions_id_seq
    START WITH 1
    INCREMENT BY 1
    NO MINVALUE
    NO MAXVALUE
    CACHE 1
);


--
-- TOC entry 237 (class 1259 OID 16581)
-- Name: order_items; Type: TABLE; Schema: public; Owner: lapstore_db_user
--

CREATE TABLE public.order_items (
    id integer NOT NULL,
    order_id integer NOT NULL,
    product_id integer NOT NULL,
    variant_id integer,
    product_name character varying(255) NOT NULL,
    variant_name character varying(255) DEFAULT NULL::character varying,
    serial_number character varying(512) DEFAULT NULL::character varying,
    quantity integer NOT NULL,
    unit_price numeric(14,2) NOT NULL,
    unit_cost_snapshot numeric(14,2) DEFAULT NULL::numeric,
    created_at timestamp without time zone DEFAULT CURRENT_TIMESTAMP
);


ALTER TABLE public.order_items OWNER TO lapstore_db_user;

--
-- TOC entry 236 (class 1259 OID 16580)
-- Name: order_items_id_seq; Type: SEQUENCE; Schema: public; Owner: lapstore_db_user
--

ALTER TABLE public.order_items ALTER COLUMN id ADD GENERATED BY DEFAULT AS IDENTITY (
    SEQUENCE NAME public.order_items_id_seq
    START WITH 1
    INCREMENT BY 1
    NO MINVALUE
    NO MAXVALUE
    CACHE 1
);


--
-- TOC entry 239 (class 1259 OID 16602)
-- Name: order_status_history; Type: TABLE; Schema: public; Owner: lapstore_db_user
--

CREATE TABLE public.order_status_history (
    id integer NOT NULL,
    order_id integer NOT NULL,
    status character varying(64) NOT NULL,
    note character varying(255) DEFAULT NULL::character varying,
    changed_by integer,
    created_at timestamp without time zone DEFAULT CURRENT_TIMESTAMP,
    CONSTRAINT order_status_history_status_check CHECK (((status)::text = ANY ((ARRAY['pending'::character varying, 'accepted'::character varying, 'delivered'::character varying])::text[])))
);


ALTER TABLE public.order_status_history OWNER TO lapstore_db_user;

--
-- TOC entry 238 (class 1259 OID 16601)
-- Name: order_status_history_id_seq; Type: SEQUENCE; Schema: public; Owner: lapstore_db_user
--

ALTER TABLE public.order_status_history ALTER COLUMN id ADD GENERATED BY DEFAULT AS IDENTITY (
    SEQUENCE NAME public.order_status_history_id_seq
    START WITH 1
    INCREMENT BY 1
    NO MINVALUE
    NO MAXVALUE
    CACHE 1
);


--
-- TOC entry 235 (class 1259 OID 16549)
-- Name: orders; Type: TABLE; Schema: public; Owner: lapstore_db_user
--

CREATE TABLE public.orders (
    id integer NOT NULL,
    order_code character varying(40) NOT NULL,
    customer_id integer,
    sales_user_id integer,
    customer_name character varying(150) NOT NULL,
    customer_email character varying(120) DEFAULT NULL::character varying,
    customer_phone character varying(20) DEFAULT NULL::character varying,
    shipping_address character varying(255) DEFAULT NULL::character varying,
    payment_method character varying(64) DEFAULT 'cod'::character varying,
    sales_channel character varying(64) DEFAULT 'web'::character varying,
    status character varying(64) DEFAULT 'pending'::character varying,
    subtotal numeric(14,2) DEFAULT 0.00,
    discount_amount numeric(14,2) DEFAULT 0.00,
    shipping_fee numeric(14,2) DEFAULT 0.00,
    total_amount numeric(14,2) DEFAULT 0.00,
    internal_note text,
    tracking_code character varying(100) DEFAULT NULL::character varying,
    created_at timestamp without time zone DEFAULT CURRENT_TIMESTAMP,
    updated_at timestamp without time zone DEFAULT CURRENT_TIMESTAMP,
    CONSTRAINT orders_payment_method_check CHECK (((payment_method)::text = ANY ((ARRAY['cod'::character varying, 'bank_transfer'::character varying, 'card'::character varying, 'e_wallet'::character varying])::text[]))),
    CONSTRAINT orders_sales_channel_check CHECK (((sales_channel)::text = ANY ((ARRAY['web'::character varying, 'store'::character varying, 'social'::character varying])::text[]))),
    CONSTRAINT orders_status_check CHECK (((status)::text = ANY ((ARRAY['pending'::character varying, 'accepted'::character varying, 'delivered'::character varying])::text[])))
);


ALTER TABLE public.orders OWNER TO lapstore_db_user;

--
-- TOC entry 234 (class 1259 OID 16548)
-- Name: orders_id_seq; Type: SEQUENCE; Schema: public; Owner: lapstore_db_user
--

ALTER TABLE public.orders ALTER COLUMN id ADD GENERATED BY DEFAULT AS IDENTITY (
    SEQUENCE NAME public.orders_id_seq
    START WITH 1
    INCREMENT BY 1
    NO MINVALUE
    NO MAXVALUE
    CACHE 1
);


--
-- TOC entry 241 (class 1259 OID 16616)
-- Name: permissions; Type: TABLE; Schema: public; Owner: lapstore_db_user
--

CREATE TABLE public.permissions (
    id integer NOT NULL,
    module character varying(80) NOT NULL,
    action character varying(80) NOT NULL,
    code character varying(120) NOT NULL,
    created_at timestamp without time zone DEFAULT CURRENT_TIMESTAMP
);


ALTER TABLE public.permissions OWNER TO lapstore_db_user;

--
-- TOC entry 240 (class 1259 OID 16615)
-- Name: permissions_id_seq; Type: SEQUENCE; Schema: public; Owner: lapstore_db_user
--

ALTER TABLE public.permissions ALTER COLUMN id ADD GENERATED BY DEFAULT AS IDENTITY (
    SEQUENCE NAME public.permissions_id_seq
    START WITH 1
    INCREMENT BY 1
    NO MINVALUE
    NO MAXVALUE
    CACHE 1
);


--
-- TOC entry 244 (class 1259 OID 16640)
-- Name: product_admin_meta; Type: TABLE; Schema: public; Owner: lapstore_db_user
--

CREATE TABLE public.product_admin_meta (
    product_id integer NOT NULL,
    sku character varying(80) NOT NULL,
    slug character varying(180) NOT NULL,
    short_description character varying(500) DEFAULT NULL::character varying,
    detail_html text,
    category_id integer,
    brand_id integer,
    list_price numeric(12,2) DEFAULT 0.00,
    sale_price numeric(12,2) DEFAULT 0.00,
    cost_price numeric(12,2) DEFAULT 0.00,
    status character varying(64) DEFAULT 'active'::character varying,
    meta_title character varying(255) DEFAULT NULL::character varying,
    meta_description character varying(500) DEFAULT NULL::character varying,
    canonical_url character varying(255) DEFAULT NULL::character varying,
    created_at timestamp without time zone DEFAULT CURRENT_TIMESTAMP,
    updated_at timestamp without time zone DEFAULT CURRENT_TIMESTAMP,
    CONSTRAINT product_admin_meta_status_check CHECK (((status)::text = ANY ((ARRAY['active'::character varying, 'inactive'::character varying, 'out_of_stock'::character varying, 'coming_soon'::character varying])::text[])))
);


ALTER TABLE public.product_admin_meta OWNER TO lapstore_db_user;

--
-- TOC entry 246 (class 1259 OID 16668)
-- Name: product_images; Type: TABLE; Schema: public; Owner: lapstore_db_user
--

CREATE TABLE public.product_images (
    id integer NOT NULL,
    product_id integer NOT NULL,
    image_url character varying(255) NOT NULL,
    is_main smallint DEFAULT '0'::smallint,
    sort_order integer DEFAULT 0,
    created_at timestamp without time zone DEFAULT CURRENT_TIMESTAMP
);


ALTER TABLE public.product_images OWNER TO lapstore_db_user;

--
-- TOC entry 245 (class 1259 OID 16667)
-- Name: product_images_id_seq; Type: SEQUENCE; Schema: public; Owner: lapstore_db_user
--

ALTER TABLE public.product_images ALTER COLUMN id ADD GENERATED BY DEFAULT AS IDENTITY (
    SEQUENCE NAME public.product_images_id_seq
    START WITH 1
    INCREMENT BY 1
    NO MINVALUE
    NO MAXVALUE
    CACHE 1
);


--
-- TOC entry 248 (class 1259 OID 16681)
-- Name: product_specs; Type: TABLE; Schema: public; Owner: lapstore_db_user
--

CREATE TABLE public.product_specs (
    id integer NOT NULL,
    product_id integer NOT NULL,
    cpu character varying(150) DEFAULT NULL::character varying,
    gpu_onboard character varying(150) DEFAULT NULL::character varying,
    gpu_discrete character varying(150) DEFAULT NULL::character varying,
    ram character varying(50) DEFAULT NULL::character varying,
    ram_max character varying(50) DEFAULT NULL::character varying,
    storage character varying(100) DEFAULT NULL::character varying,
    storage_max character varying(100) DEFAULT NULL::character varying,
    screen_size character varying(50) DEFAULT NULL::character varying,
    screen_resolution character varying(50) DEFAULT NULL::character varying,
    screen_technology character varying(100) DEFAULT NULL::character varying,
    ports text,
    battery character varying(100) DEFAULT NULL::character varying,
    dimensions character varying(100) DEFAULT NULL::character varying,
    weight character varying(50) DEFAULT NULL::character varying,
    material character varying(100) DEFAULT NULL::character varying,
    wireless character varying(150) DEFAULT NULL::character varying,
    webcam character varying(100) DEFAULT NULL::character varying,
    os character varying(100) DEFAULT NULL::character varying
);


ALTER TABLE public.product_specs OWNER TO lapstore_db_user;

--
-- TOC entry 247 (class 1259 OID 16680)
-- Name: product_specs_id_seq; Type: SEQUENCE; Schema: public; Owner: lapstore_db_user
--

ALTER TABLE public.product_specs ALTER COLUMN id ADD GENERATED BY DEFAULT AS IDENTITY (
    SEQUENCE NAME public.product_specs_id_seq
    START WITH 1
    INCREMENT BY 1
    NO MINVALUE
    NO MAXVALUE
    CACHE 1
);


--
-- TOC entry 250 (class 1259 OID 16710)
-- Name: product_variants; Type: TABLE; Schema: public; Owner: lapstore_db_user
--

CREATE TABLE public.product_variants (
    id integer NOT NULL,
    product_id integer NOT NULL,
    color character varying(50) DEFAULT NULL::character varying,
    ram character varying(50) DEFAULT NULL::character varying,
    storage character varying(50) DEFAULT NULL::character varying,
    version character varying(100) DEFAULT NULL::character varying,
    price numeric(14,2) NOT NULL,
    discount integer DEFAULT 0,
    stock integer DEFAULT 0,
    image character varying(255) DEFAULT NULL::character varying,
    created_at timestamp without time zone DEFAULT CURRENT_TIMESTAMP,
    sku character varying(80) NOT NULL,
    low_stock_threshold integer DEFAULT 5,
    is_active smallint DEFAULT '1'::smallint,
    import_price numeric(14,2) DEFAULT NULL::numeric,
    logistics_cost numeric(14,2) DEFAULT 0.00 NOT NULL,
    operational_cost numeric(14,2) DEFAULT 0.00 NOT NULL,
    cost_price numeric(14,2) DEFAULT NULL::numeric,
    price_before_tax numeric(14,2) DEFAULT NULL::numeric,
    vat_rate numeric(8,4) DEFAULT 10.0000 NOT NULL,
    vat_amount numeric(14,2) DEFAULT 0.00 NOT NULL,
    retail_price numeric(14,2) DEFAULT NULL::numeric,
    original_price numeric(14,2) DEFAULT NULL::numeric,
    wholesale_price numeric(14,2) DEFAULT NULL::numeric,
    margin_percent numeric(12,4) DEFAULT NULL::numeric,
    profit_amount numeric(14,2) DEFAULT NULL::numeric,
    target_margin_percent numeric(12,4) DEFAULT NULL::numeric,
    rounding_rule character varying(48) DEFAULT 'round_nearest_1000'::character varying NOT NULL,
    allow_loss_override smallint DEFAULT '0'::smallint NOT NULL
);


ALTER TABLE public.product_variants OWNER TO lapstore_db_user;

--
-- TOC entry 249 (class 1259 OID 16709)
-- Name: product_variants_id_seq; Type: SEQUENCE; Schema: public; Owner: lapstore_db_user
--

ALTER TABLE public.product_variants ALTER COLUMN id ADD GENERATED BY DEFAULT AS IDENTITY (
    SEQUENCE NAME public.product_variants_id_seq
    START WITH 1
    INCREMENT BY 1
    NO MINVALUE
    NO MAXVALUE
    CACHE 1
);


--
-- TOC entry 243 (class 1259 OID 16629)
-- Name: products; Type: TABLE; Schema: public; Owner: lapstore_db_user
--

CREATE TABLE public.products (
    id integer NOT NULL,
    name character varying(255) NOT NULL,
    brand character varying(100) NOT NULL,
    description text,
    created_at timestamp without time zone DEFAULT CURRENT_TIMESTAMP
);


ALTER TABLE public.products OWNER TO lapstore_db_user;

--
-- TOC entry 242 (class 1259 OID 16628)
-- Name: products_id_seq; Type: SEQUENCE; Schema: public; Owner: lapstore_db_user
--

ALTER TABLE public.products ALTER COLUMN id ADD GENERATED BY DEFAULT AS IDENTITY (
    SEQUENCE NAME public.products_id_seq
    START WITH 1
    INCREMENT BY 1
    NO MINVALUE
    NO MAXVALUE
    CACHE 1
);


--
-- TOC entry 254 (class 1259 OID 16772)
-- Name: user_addresses; Type: TABLE; Schema: public; Owner: lapstore_db_user
--

CREATE TABLE public.user_addresses (
    id integer NOT NULL,
    user_id integer NOT NULL,
    recipient_name character varying(150) NOT NULL,
    phone character varying(30) NOT NULL,
    line1 character varying(255) NOT NULL,
    line2 character varying(255) DEFAULT NULL::character varying,
    ward character varying(120) DEFAULT NULL::character varying,
    district character varying(120) DEFAULT NULL::character varying,
    province character varying(120) DEFAULT NULL::character varying,
    is_default smallint DEFAULT '0'::smallint NOT NULL,
    created_at timestamp without time zone DEFAULT CURRENT_TIMESTAMP,
    updated_at timestamp without time zone DEFAULT CURRENT_TIMESTAMP
);


ALTER TABLE public.user_addresses OWNER TO lapstore_db_user;

--
-- TOC entry 253 (class 1259 OID 16771)
-- Name: user_addresses_id_seq; Type: SEQUENCE; Schema: public; Owner: lapstore_db_user
--

ALTER TABLE public.user_addresses ALTER COLUMN id ADD GENERATED BY DEFAULT AS IDENTITY (
    SEQUENCE NAME public.user_addresses_id_seq
    START WITH 1
    INCREMENT BY 1
    NO MINVALUE
    NO MAXVALUE
    CACHE 1
);


--
-- TOC entry 252 (class 1259 OID 16757)
-- Name: users; Type: TABLE; Schema: public; Owner: lapstore_db_user
--

CREATE TABLE public.users (
    id integer NOT NULL,
    email character varying(100) NOT NULL,
    password character varying(255) NOT NULL,
    role character varying(40) DEFAULT 'user'::character varying NOT NULL,
    created_at timestamp without time zone DEFAULT CURRENT_TIMESTAMP NOT NULL
);


ALTER TABLE public.users OWNER TO lapstore_db_user;

--
-- TOC entry 251 (class 1259 OID 16756)
-- Name: users_id_seq; Type: SEQUENCE; Schema: public; Owner: lapstore_db_user
--

ALTER TABLE public.users ALTER COLUMN id ADD GENERATED BY DEFAULT AS IDENTITY (
    SEQUENCE NAME public.users_id_seq
    START WITH 1
    INCREMENT BY 1
    NO MINVALUE
    NO MAXVALUE
    CACHE 1
);


--
-- TOC entry 256 (class 1259 OID 16795)
-- Name: vouchers; Type: TABLE; Schema: public; Owner: lapstore_db_user
--

CREATE TABLE public.vouchers (
    id integer NOT NULL,
    code character varying(60) NOT NULL,
    discount_type character varying(64) NOT NULL,
    discount_value numeric(12,2) NOT NULL,
    min_order_value numeric(12,2) DEFAULT 0.00,
    usage_limit integer DEFAULT 0,
    used_count integer DEFAULT 0,
    starts_at timestamp without time zone,
    ends_at timestamp without time zone,
    is_active smallint DEFAULT '1'::smallint,
    created_at timestamp without time zone DEFAULT CURRENT_TIMESTAMP,
    max_discount_amount numeric(12,2) DEFAULT NULL::numeric,
    CONSTRAINT vouchers_discount_type_check CHECK (((discount_type)::text = ANY ((ARRAY['percent'::character varying, 'fixed'::character varying])::text[])))
);


ALTER TABLE public.vouchers OWNER TO lapstore_db_user;

--
-- TOC entry 255 (class 1259 OID 16794)
-- Name: vouchers_id_seq; Type: SEQUENCE; Schema: public; Owner: lapstore_db_user
--

ALTER TABLE public.vouchers ALTER COLUMN id ADD GENERATED BY DEFAULT AS IDENTITY (
    SEQUENCE NAME public.vouchers_id_seq
    START WITH 1
    INCREMENT BY 1
    NO MINVALUE
    NO MAXVALUE
    CACHE 1
);


--
-- TOC entry 3692 (class 0 OID 16414)
-- Dependencies: 220
-- Data for Name: admin_audit_logs; Type: TABLE DATA; Schema: public; Owner: lapstore_db_user
--

INSERT INTO public.admin_audit_logs VALUES (9001, 2, 'products', 'update', 'product', '1', '{"new": 32990000, "old": 34990000, "field": "sale_price"}', '2026-03-24 15:06:54');
INSERT INTO public.admin_audit_logs VALUES (9002, 2, 'orders', 'update_status', 'order', '2002', '{"to": "shipping", "from": "confirmed"}', '2026-03-24 15:06:54');
INSERT INTO public.admin_audit_logs VALUES (9003, 2, 'customers', 'update_status', 'customer', '1003', '{"status": "blocked"}', '2026-03-24 15:06:54');
INSERT INTO public.admin_audit_logs VALUES (9004, 2, 'promotions', 'voucher_create', 'voucher', '6003', '{"code": "FLASH500K"}', '2026-03-24 15:06:54');
INSERT INTO public.admin_audit_logs VALUES (9005, 2, 'reviews', 'moderate', 'review', '8002', '{"status": "approved"}', '2026-03-24 15:06:54');
INSERT INTO public.admin_audit_logs VALUES (9006, 2, 'promotions', 'voucher_create', 'voucher', '6004', '{"code": "TEST", "discountType": "fixed"}', '2026-03-31 09:44:10');
INSERT INTO public.admin_audit_logs VALUES (9007, 2, 'orders', 'update_status', 'order', '2001', '{"to": "accepted", "from": "pending", "note": null}', '2026-03-31 10:38:06');
INSERT INTO public.admin_audit_logs VALUES (9008, 2, 'orders', 'update_status', 'order', '2004', '{"to": "accepted", "from": "pending", "note": null}', '2026-03-31 10:38:12');
INSERT INTO public.admin_audit_logs VALUES (9009, 2, 'products', 'bulk_status', 'product', '1', '{"count": 1, "status": "inactive"}', '2026-03-31 10:39:46');
INSERT INTO public.admin_audit_logs VALUES (9010, 2, 'products', 'bulk_status', 'product', '1', '{"count": 1, "status": "active"}', '2026-03-31 10:39:48');
INSERT INTO public.admin_audit_logs VALUES (9011, 2, 'reports', 'export', 'report', 'revenue', '{"filters": {"year": "2026", "month": "3", "report": "revenue", "periodType": "month"}}', '2026-03-31 10:42:49');
INSERT INTO public.admin_audit_logs VALUES (9012, 2, 'brands', 'update', 'brand', '1', '{"name": "Dell", "slug": "dell"}', '2026-03-31 11:02:15');
INSERT INTO public.admin_audit_logs VALUES (9013, 2, 'brands', 'update', 'brand', '1', '{"name": "Dell", "slug": "dell"}', '2026-03-31 11:02:59');
INSERT INTO public.admin_audit_logs VALUES (9014, 2, 'brands', 'update', 'brand', '1', '{"name": "Dell", "slug": "dell"}', '2026-03-31 11:04:50');
INSERT INTO public.admin_audit_logs VALUES (9015, 2, 'products', 'update', 'product', '1', '{"name": "Dell XPS 13 Plus", "brand": "Dell", "status": "active"}', '2026-03-31 11:05:03');
INSERT INTO public.admin_audit_logs VALUES (9016, 2, 'products', 'update', 'product', '1', '{"name": "Dell XPS 13 Plus", "brand": "Dell", "status": "active"}', '2026-03-31 11:08:03');
INSERT INTO public.admin_audit_logs VALUES (9017, 2, 'products', 'update', 'product', '1', '{"name": "Dell XPS 13 Plus", "brand": "Dell", "status": "active"}', '2026-03-31 11:11:03');
INSERT INTO public.admin_audit_logs VALUES (9018, 2, 'products', 'update', 'product', '4', '{"name": "Dell Latitude 7440", "brand": "Dell", "status": "active"}', '2026-03-31 11:15:02');
INSERT INTO public.admin_audit_logs VALUES (9019, 2, 'products', 'update', 'product', '1', '{"name": "Dell XPS 13 Plus", "brand": "Dell", "status": "active"}', '2026-03-31 11:15:27');
INSERT INTO public.admin_audit_logs VALUES (9020, 2, 'products', 'update', 'product', '4', '{"name": "Dell Latitude 7440", "brand": "Dell", "status": "active"}', '2026-03-31 11:24:46');
INSERT INTO public.admin_audit_logs VALUES (9021, 2, 'products', 'update', 'product', '10', '{"name": "Lenovo Legion Pro 5", "brand": "Lenovo", "status": "active"}', '2026-03-31 11:27:54');
INSERT INTO public.admin_audit_logs VALUES (9022, 2, 'products', 'create', 'product', '15', '{"sku": "ASUSASUSZE3113", "name": "Asus Zenbook S14", "brand": "Asus", "status": "active"}', '2026-03-31 14:08:16');
INSERT INTO public.admin_audit_logs VALUES (9023, 2, 'products', 'update', 'product', '15', '{"name": "Asus Zenbook S14", "brand": "Asus", "status": "active"}', '2026-03-31 14:10:38');
INSERT INTO public.admin_audit_logs VALUES (9024, 2, 'products', 'update', 'product', '2', '{"name": "MacBook Air M4", "brand": "Apple", "status": "active"}', '2026-03-31 14:45:11');
INSERT INTO public.admin_audit_logs VALUES (9025, 2, 'products', 'update', 'product', '2', '{"name": "MacBook Air M4", "brand": "Apple", "status": "active"}', '2026-03-31 14:46:58');
INSERT INTO public.admin_audit_logs VALUES (1, 2, 'promotions', 'voucher_update', 'voucher', '6003', '{"code": "FLASH500K", "discountType": "percent"}', '2026-04-01 09:53:33.69269');
INSERT INTO public.admin_audit_logs VALUES (2, 2, 'promotions', 'voucher_update', 'voucher', '6003', '{"code": "FLASH500K", "discountType": "percent"}', '2026-04-01 16:37:10.29848');
INSERT INTO public.admin_audit_logs VALUES (3, 2, 'customers', 'update_status', 'customer', '1', '{"status": "active"}', '2026-04-01 16:53:24.007048');
INSERT INTO public.admin_audit_logs VALUES (4, 2, 'products', 'update', 'product', '11', '{"name": "Apple MacBook Pro 14 M4 Pro", "brand": "Apple", "status": "active"}', '2026-04-02 08:22:38.09024');
INSERT INTO public.admin_audit_logs VALUES (5, 2, 'products', 'update', 'product', '11', '{"name": "Apple MacBook Pro 14 M4 Pro", "brand": "Apple", "status": "active"}', '2026-04-02 08:40:48.192523');
INSERT INTO public.admin_audit_logs VALUES (6, 2, 'products', 'update', 'product', '11', '{"name": "Apple MacBook Pro 14 M4 Pro", "brand": "Apple", "status": "active"}', '2026-04-02 08:43:50.243247');
INSERT INTO public.admin_audit_logs VALUES (7, 2, 'products', 'update', 'product', '11', '{"name": "Apple MacBook Pro 14 M4 Pro", "brand": "Apple", "status": "active"}', '2026-04-02 08:44:31.707223');
INSERT INTO public.admin_audit_logs VALUES (8, 2, 'products', 'update', 'product', '11', '{"name": "Apple MacBook Pro 14 M4 Pro", "brand": "Apple", "status": "active"}', '2026-04-02 08:47:57.792098');
INSERT INTO public.admin_audit_logs VALUES (9, 2, 'products', 'update', 'product', '11', '{"name": "Apple MacBook Pro 14 M4 Pro", "brand": "Apple", "status": "active"}', '2026-04-02 10:04:17.995774');
INSERT INTO public.admin_audit_logs VALUES (10, 2, 'reports', 'export', 'report', 'revenue', '{"filters": {"year": "2026", "month": "4", "report": "revenue", "periodType": "month"}}', '2026-04-05 06:37:43.989482');
INSERT INTO public.admin_audit_logs VALUES (11, 2, 'products', 'update', 'product', '3', '{"name": "Asus ROG STRIX G16", "brand": "Asus", "status": "active"}', '2026-04-05 06:43:44.894097');
INSERT INTO public.admin_audit_logs VALUES (12, 2, 'products', 'update', 'product', '3', '{"name": "Asus ROG STRIX G16", "brand": "Asus", "status": "active"}', '2026-04-05 06:44:16.899164');
INSERT INTO public.admin_audit_logs VALUES (13, 2, 'products', 'update', 'product', '5', '{"name": "Lenovo ThinkPad X1 Carbon Gen 12", "brand": "Lenovo", "status": "active"}', '2026-04-05 06:47:14.722536');
INSERT INTO public.admin_audit_logs VALUES (14, 2, 'products', 'update', 'product', '5', '{"name": "Lenovo ThinkPad X1 Carbon Gen 12", "brand": "Lenovo", "status": "active"}', '2026-04-05 06:59:51.489111');
INSERT INTO public.admin_audit_logs VALUES (15, 2, 'products', 'update', 'product', '5', '{"name": "Lenovo ThinkPad X1 Carbon Gen 12", "brand": "Lenovo", "status": "active"}', '2026-04-05 07:07:04.159442');
INSERT INTO public.admin_audit_logs VALUES (16, 2, 'brands', 'create', 'brand', '8', '{"name": "Test", "slug": "test"}', '2026-04-05 07:16:47.784971');
INSERT INTO public.admin_audit_logs VALUES (17, 2, 'products', 'update', 'product', '6', '{"name": "HP Spectre x360 14", "brand": "HP", "status": "active"}', '2026-04-05 07:21:34.591303');
INSERT INTO public.admin_audit_logs VALUES (18, 2, 'products', 'update', 'product', '7', '{"name": "Asus Zenbook 14 OLED", "brand": "Asus", "status": "active"}', '2026-04-05 07:27:10.815202');
INSERT INTO public.admin_audit_logs VALUES (19, 2, 'products', 'update', 'product', '9', '{"name": "MSI Stealth 16 AI Studio", "brand": "MSI", "status": "active"}', '2026-04-05 07:28:42.398806');
INSERT INTO public.admin_audit_logs VALUES (20, 2, 'products', 'update', 'product', '9', '{"name": "MSI Stealth 16 AI Studio", "brand": "MSI", "status": "active"}', '2026-04-05 07:30:06.121255');
INSERT INTO public.admin_audit_logs VALUES (21, 2, 'products', 'update', 'product', '12', '{"name": "Dell XPS 15", "brand": "Dell", "status": "active"}', '2026-04-05 07:34:04.328734');
INSERT INTO public.admin_audit_logs VALUES (22, 2, 'products', 'update', 'product', '12', '{"name": "Dell XPS 15", "brand": "Dell", "status": "active"}', '2026-04-05 07:34:19.324876');
INSERT INTO public.admin_audit_logs VALUES (23, 2, 'products', 'update', 'product', '13', '{"name": "HP Omen 16", "brand": "HP", "status": "active"}', '2026-04-05 07:36:24.03317');
INSERT INTO public.admin_audit_logs VALUES (24, 2, 'products', 'update', 'product', '14', '{"name": "Acer Predator Helios Neo 16", "brand": "Acer", "status": "active"}', '2026-04-05 07:39:48.332491');
INSERT INTO public.admin_audit_logs VALUES (25, 2, 'products', 'update', 'product', '8', '{"name": "Acer Swift X 14", "brand": "Acer", "status": "active"}', '2026-04-05 07:51:15.998639');
INSERT INTO public.admin_audit_logs VALUES (26, 2, 'settings', 'storefront_update', 'storefront_settings', 'default', '{"keys": ["default_shipping_fee", "free_shipping_threshold", "default_fulfillment", "footer_hotline", "footer_email"]}', '2026-04-05 17:40:31.510806');
INSERT INTO public.admin_audit_logs VALUES (27, 2, 'settings', 'storefront_update', 'storefront_settings', 'default', '{"keys": ["default_shipping_fee", "free_shipping_threshold", "default_fulfillment", "footer_hotline", "footer_email"]}', '2026-04-05 17:40:57.238321');
INSERT INTO public.admin_audit_logs VALUES (28, 2, 'settings', 'storefront_update', 'storefront_settings', 'default', '{"keys": ["default_shipping_fee", "free_shipping_threshold", "default_fulfillment", "footer_hotline", "footer_email"]}', '2026-04-05 17:42:25.298466');
INSERT INTO public.admin_audit_logs VALUES (29, 2, 'products', 'update', 'product', '15', '{"name": "Asus Zenbook S14", "brand": "Asus", "status": "active"}', '2026-04-05 18:53:59.487874');
INSERT INTO public.admin_audit_logs VALUES (30, 2, 'customers', 'update_status', 'customer', '1', '{"status": "blocked"}', '2026-04-06 10:46:50.34545');
INSERT INTO public.admin_audit_logs VALUES (31, 2, 'customers', 'update_status', 'customer', '5', '{"status": "blocked"}', '2026-04-06 10:47:31.904927');
INSERT INTO public.admin_audit_logs VALUES (32, 2, 'customers', 'update_status', 'customer', '1', '{"status": "active"}', '2026-04-06 14:35:14.287975');
INSERT INTO public.admin_audit_logs VALUES (33, 2, 'customers', 'update_status', 'customer', '1', '{"status": "blocked"}', '2026-04-06 14:35:23.392843');
INSERT INTO public.admin_audit_logs VALUES (34, 2, 'customers', 'update_status', 'customer', '1', '{"status": "active"}', '2026-04-06 14:35:59.860089');


--
-- TOC entry 3693 (class 0 OID 16428)
-- Dependencies: 221
-- Data for Name: app_settings; Type: TABLE DATA; Schema: public; Owner: lapstore_db_user
--

INSERT INTO public.app_settings VALUES ('pricing', '{"default_vat_rate": 10, "psychological_suffix": 990, "default_rounding_rule": "round_nearest_1000"}', '2026-03-24 20:09:22');
INSERT INTO public.app_settings VALUES ('storefront', '{"footer_email": "lapstore@gmail.com", "footer_hotline": "1900 630 680", "default_shipping_fee": 50000, "free_shipping_threshold": 10000000}', '2026-04-06 00:00:00');


--
-- TOC entry 3695 (class 0 OID 16439)
-- Dependencies: 223
-- Data for Name: banners; Type: TABLE DATA; Schema: public; Owner: lapstore_db_user
--

INSERT INTO public.banners VALUES (1, 'Banner Khuyến Mãi', 'images/banners/banner1.jpg', NULL, 1, '2026-03-24 15:04:46');
INSERT INTO public.banners VALUES (2, 'Banner Bảo hành', 'images/banners/banner2.jpg', NULL, 1, '2026-03-24 15:04:46');


--
-- TOC entry 3697 (class 0 OID 16453)
-- Dependencies: 225
-- Data for Name: brands; Type: TABLE DATA; Schema: public; Owner: lapstore_db_user
--

INSERT INTO public.brands VALUES (1, 'Dell', 'dell', NULL, 1, 1, '2026-03-24 15:04:46', '2026-03-31 11:04:50');
INSERT INTO public.brands VALUES (2, 'Apple', 'apple', NULL, 2, 1, '2026-03-24 15:04:46', '2026-03-24 15:04:46');
INSERT INTO public.brands VALUES (3, 'Asus', 'asus', NULL, 3, 1, '2026-03-24 15:04:46', '2026-03-24 15:04:46');
INSERT INTO public.brands VALUES (4, 'Lenovo', 'lenovo', NULL, 4, 1, '2026-03-24 15:04:46', '2026-03-24 15:04:46');
INSERT INTO public.brands VALUES (5, 'HP', 'hp', NULL, 5, 1, '2026-03-24 15:04:46', '2026-03-24 15:04:46');
INSERT INTO public.brands VALUES (6, 'Acer', 'acer', NULL, 6, 1, '2026-03-24 15:04:46', '2026-03-24 15:04:46');
INSERT INTO public.brands VALUES (7, 'MSI', 'msi', NULL, 7, 1, '2026-03-24 15:04:46', '2026-03-24 15:04:46');
INSERT INTO public.brands VALUES (8, 'Test', 'test', NULL, 8, 1, '2026-04-05 07:16:47.776736', '2026-04-05 07:16:47.776736');


--
-- TOC entry 3699 (class 0 OID 16473)
-- Dependencies: 227
-- Data for Name: categories; Type: TABLE DATA; Schema: public; Owner: lapstore_db_user
--

INSERT INTO public.categories VALUES (1, NULL, 'Laptop', 'laptop', 1, 1, NULL, NULL, '2026-03-24 15:04:46', '2026-03-24 15:04:46');
INSERT INTO public.categories VALUES (2, 1, 'Gaming', 'laptop-gaming', 1, 1, NULL, NULL, '2026-03-24 15:04:46', '2026-03-24 15:04:46');
INSERT INTO public.categories VALUES (3, 1, 'Văn phòng', 'laptop-van-phong', 2, 1, NULL, NULL, '2026-03-24 15:04:46', '2026-03-24 15:04:46');
INSERT INTO public.categories VALUES (4, 1, 'Đồ họa', 'laptop-do-hoa', 3, 1, NULL, NULL, '2026-03-24 15:04:46', '2026-03-24 15:04:46');


--
-- TOC entry 3701 (class 0 OID 16493)
-- Dependencies: 229
-- Data for Name: customers; Type: TABLE DATA; Schema: public; Owner: lapstore_db_user
--

INSERT INTO public.customers VALUES (1, 5, 'duong123', 'duong123@gmail.com', NULL, 'blocked', 'retail', 0, 0.00, '2026-04-01 07:57:12.278', '2026-04-06 10:47:31.898339');
INSERT INTO public.customers VALUES (1004, 1, 'Trần Trọng Phúc', 'user@gmail.com', '0929459370', 'active', 'retail', 0, 0.00, '2026-03-31 09:34:55', '2026-03-31 09:38:40');


--
-- TOC entry 3703 (class 0 OID 16512)
-- Dependencies: 231
-- Data for Name: flash_sales; Type: TABLE DATA; Schema: public; Owner: lapstore_db_user
--

INSERT INTO public.flash_sales VALUES (7001, 1, 1, 31990000.00, 30, 6, '2026-03-20 08:00:00', '2026-03-31 23:59:59', 1, '2026-03-24 15:06:54');
INSERT INTO public.flash_sales VALUES (7002, 2, 3, 27990000.00, 40, 10, '2026-03-20 08:00:00', '2026-03-31 23:59:59', 1, '2026-03-24 15:06:54');
INSERT INTO public.flash_sales VALUES (7003, 3, 6, 39990000.00, 25, 4, '2026-03-20 08:00:00', '2026-03-31 23:59:59', 1, '2026-03-24 15:06:54');


--
-- TOC entry 3705 (class 0 OID 16529)
-- Dependencies: 233
-- Data for Name: inventory_transactions; Type: TABLE DATA; Schema: public; Owner: lapstore_db_user
--

INSERT INTO public.inventory_transactions VALUES (5001, 1, 'import', 20, 25000000.00, 'Dell Distributor', 'PO-SEED-001', 'Nhập đợt đầu tháng', 2, '2026-03-24 15:06:54');
INSERT INTO public.inventory_transactions VALUES (5002, 3, 'export', 2, 0.00, NULL, 'SO-ORD-2026-0001', 'Xuất cho đơn 2001', 2, '2026-03-24 15:06:54');
INSERT INTO public.inventory_transactions VALUES (5003, 6, 'adjustment', 1, 0.00, NULL, 'ADJ-SEED-001', 'Điều chỉnh do kiểm kê', 2, '2026-03-24 15:06:54');
INSERT INTO public.inventory_transactions VALUES (5004, 1, 'import', 1, 25000000.00, 'Công ty Phân phối Dell VN', 'WR-20260324-9001', 'Nhập theo phiếu WR-20260324-9001', 3, '2026-03-24 10:00:00');
INSERT INTO public.inventory_transactions VALUES (5005, 6, 'import', 1, 25000000.00, 'Công ty Phân phối Dell VN', 'WR-20260324-9001', 'Nhập theo phiếu WR-20260324-9001', 3, '2026-03-24 10:00:00');
INSERT INTO public.inventory_transactions VALUES (5006, 6, 'export', 1, 36000000.00, NULL, 'WO-20260324-1001', 'Xuất bán serial ASUSG16-2026-0001', 4, '2026-03-24 15:40:00');
INSERT INTO public.inventory_transactions VALUES (5007, 1, 'export', 1, 30000000.00, NULL, 'WO-20260324-1001', 'Xuất bán serial DELLXPS13-2026-0001', 4, '2026-03-24 15:40:00');
INSERT INTO public.inventory_transactions VALUES (5008, 1, 'export', 1, 0.00, NULL, 'WO-20260324-1002', 'Xuất nội bộ serial DELLXPS13-2026-0002', 3, '2026-03-24 16:10:00');


--
-- TOC entry 3709 (class 0 OID 16581)
-- Dependencies: 237
-- Data for Name: order_items; Type: TABLE DATA; Schema: public; Owner: lapstore_db_user
--

INSERT INTO public.order_items VALUES (3001, 2001, 2, 3, 'MacBook Air M4', '8GB / 256GB', NULL, 1, 28990000.00, NULL, '2026-03-24 15:06:54');
INSERT INTO public.order_items VALUES (3002, 2002, 3, 6, 'Asus ROG STRIX G16', '32GB / 512GB', 'ASUSG16-2026-0001', 1, 41590000.00, 36000000.00, '2026-03-24 15:06:54');
INSERT INTO public.order_items VALUES (3003, 2002, 1, 1, 'Dell XPS 13 Plus', '16GB / 512GB', 'DELLXPS13-2026-0001', 1, 43990000.00, 30000000.00, '2026-03-24 15:06:54');
INSERT INTO public.order_items VALUES (3004, 2003, 7, 13, 'Asus Zenbook 14 OLED', '16GB / 512GB', NULL, 1, 15990000.00, NULL, '2026-03-24 15:06:54');
INSERT INTO public.order_items VALUES (3005, 2004, 1, 1, 'Dell XPS 13 Plus', 'i7 1360P, 16GB, 512GB SSD, IPS', NULL, 1, 32990000.00, NULL, '2026-03-31 09:59:13');
INSERT INTO public.order_items VALUES (3006, 2004, 10, 20, 'Lenovo Legion Pro 5', 'Ryzen 9 8945HX, 32GB, 1TB SSD, IPS 165Hz', NULL, 1, 44990000.00, NULL, '2026-03-31 09:59:13');
INSERT INTO public.order_items VALUES (1, 1, 15, 30, 'Asus Zenbook S14', 'Ultra 7 258V, 32GB, 1TB, OLED 120Hz', NULL, 2, 44990000.00, NULL, '2026-04-07 07:26:05.726453');
INSERT INTO public.order_items VALUES (2, 2, 14, 28, 'Acer Predator Helios Neo 16', 'i7 14700HX, 32GB, 1TB SSD, IPS 165Hz', NULL, 1, 43990000.00, NULL, '2026-04-07 07:28:16.583675');


--
-- TOC entry 3711 (class 0 OID 16602)
-- Dependencies: 239
-- Data for Name: order_status_history; Type: TABLE DATA; Schema: public; Owner: lapstore_db_user
--

INSERT INTO public.order_status_history VALUES (4001, 2001, 'pending', 'Đơn mới tạo', NULL, '2026-03-24 15:06:54');
INSERT INTO public.order_status_history VALUES (4002, 2002, 'accepted', 'Đã tiếp nhận thanh toán', 2, '2026-03-24 15:06:54');
INSERT INTO public.order_status_history VALUES (4003, 2002, 'accepted', 'Bàn giao vận chuyển', 2, '2026-03-24 15:06:54');
INSERT INTO public.order_status_history VALUES (4004, 2003, 'pending', 'Đơn mới tạo', NULL, '2026-03-24 15:06:54');
INSERT INTO public.order_status_history VALUES (4005, 2003, 'accepted', 'Khách yêu cầu hủy', 2, '2026-03-24 15:06:54');
INSERT INTO public.order_status_history VALUES (4006, 2004, 'pending', 'Đặt hàng từ website', NULL, '2026-03-31 09:59:13');
INSERT INTO public.order_status_history VALUES (4007, 2001, 'accepted', NULL, 2, '2026-03-31 10:38:06');
INSERT INTO public.order_status_history VALUES (4008, 2004, 'accepted', NULL, 2, '2026-03-31 10:38:12');
INSERT INTO public.order_status_history VALUES (1, 1, 'pending', 'Đặt hàng từ website', NULL, '2026-04-07 07:26:05.726453');
INSERT INTO public.order_status_history VALUES (2, 2, 'pending', 'Đặt hàng từ website', NULL, '2026-04-07 07:28:16.583675');


--
-- TOC entry 3707 (class 0 OID 16549)
-- Dependencies: 235
-- Data for Name: orders; Type: TABLE DATA; Schema: public; Owner: lapstore_db_user
--

INSERT INTO public.orders VALUES (2001, 'ORD-2026-0001', 1001, 4, 'Nguyen Van A', 'customer.a@lapstore.vn', '0901000001', '12 Nguyen Trai, Q1, TP.HCM', 'cod', 'web', 'accepted', 28990000.00, 0.00, 30000.00, 29020000.00, NULL, NULL, '2026-03-24 15:06:54', '2026-03-31 10:38:06');
INSERT INTO public.orders VALUES (2002, 'ORD-2026-0002', 1002, 4, 'Tran Thi B', 'customer.b@lapstore.vn', '0901000002', '88 Hai Ba Trung, Q3, TP.HCM', 'bank_transfer', 'web', 'accepted', 45990000.00, 2000000.00, 30000.00, 44020000.00, 'Đã đóng gói', 'GHN-SEED-2002', '2026-03-24 15:06:54', '2026-03-24 15:06:54');
INSERT INTO public.orders VALUES (2003, 'ORD-2026-0003', 1003, NULL, 'Le Van C', 'customer.c@lapstore.vn', '0901000003', '2/3 Le Loi, Thu Duc, TP.HCM', 'cod', 'social', 'accepted', 15990000.00, 0.00, 30000.00, 16020000.00, 'Khách yêu cầu hủy', NULL, '2026-03-24 15:06:54', '2026-03-24 15:06:54');
INSERT INTO public.orders VALUES (2004, 'LS-2026-492249', 1004, NULL, 'Trần Trọng Phúc', 'user@gmail.com', '0929459370', '[Giao tận nơi] Trần Trọng Phúc | 0929459370 | Đồng Tháp | abc', 'cod', 'web', 'accepted', 77980000.00, 500000.00, 0.00, 77480000.00, NULL, NULL, '2026-03-31 09:59:13', '2026-03-31 10:38:12');
INSERT INTO public.orders VALUES (1, 'LS-2026-307734', NULL, NULL, 'Lê Văn Hoàng Dương', 'led51269@gmail.com', '0856162205', '[Nhận tại cửa hàng] LAPSTORE Quận 1 — 123 Nguyễn Huệ, Q.1, TP.HCM | Lê Văn Hoàng Dương | 0856162205', 'cod', 'web', 'pending', 89980000.00, 0.00, 0.00, 89980000.00, NULL, NULL, '2026-04-07 07:26:05.726453', '2026-04-07 07:26:05.726453');
INSERT INTO public.orders VALUES (2, 'LS-2026-470222', NULL, NULL, 'Hoang Duong Le', 'led51269@gmail.com', '0923323435', '[Nhận tại cửa hàng] LAPSTORE Quận 1 — 123 Nguyễn Huệ, Q.1, TP.HCM | Hoang Duong Le | 0923323435', 'cod', 'web', 'pending', 43990000.00, 0.00, 0.00, 43990000.00, NULL, NULL, '2026-04-07 07:28:16.583675', '2026-04-07 07:28:16.583675');


--
-- TOC entry 3713 (class 0 OID 16616)
-- Dependencies: 241
-- Data for Name: permissions; Type: TABLE DATA; Schema: public; Owner: lapstore_db_user
--

INSERT INTO public.permissions VALUES (1, 'dashboard', 'view', 'dashboard.view', '2026-03-24 15:04:46');
INSERT INTO public.permissions VALUES (2, 'products', 'manage', 'products.manage', '2026-03-24 15:04:46');
INSERT INTO public.permissions VALUES (3, 'orders', 'manage', 'orders.manage', '2026-03-24 15:04:46');
INSERT INTO public.permissions VALUES (4, 'inventory', 'manage', 'inventory.manage', '2026-03-24 15:04:46');
INSERT INTO public.permissions VALUES (5, 'promotions', 'manage', 'promotions.manage', '2026-03-24 15:04:46');
INSERT INTO public.permissions VALUES (6, 'reviews', 'moderate', 'reviews.moderate', '2026-03-24 15:04:46');
INSERT INTO public.permissions VALUES (7, 'customers', 'manage', 'customers.manage', '2026-03-24 15:04:46');


--
-- TOC entry 3716 (class 0 OID 16640)
-- Dependencies: 244
-- Data for Name: product_admin_meta; Type: TABLE DATA; Schema: public; Owner: lapstore_db_user
--

INSERT INTO public.product_admin_meta VALUES (1, 'DELLDELLXP5205', 'dell-xps-13-plus', 'Laptop ultrabook', '<p>Dell XPS 13 Plus bản admin seed.</p>', NULL, 1, 0.00, 0.00, 0.00, 'active', 'Dell XPS 13 Plus', NULL, 'http://localhost:3000/products/dell-xps-13-plus', '2026-03-24 15:06:54', '2026-03-31 11:15:27');
INSERT INTO public.product_admin_meta VALUES (2, 'APPLMACBOO5093', 'macbook-air-m4', 'MacBook Air M4 mỏng nhẹ', '<p>MacBook Air M4 bản admin seed.</p>', NULL, 2, 0.00, 0.00, 0.00, 'active', 'MacBook Air M4', NULL, 'http://localhost:3000/products/macbook-air-m4', '2026-03-24 15:06:54', '2026-03-31 14:45:11');
INSERT INTO public.product_admin_meta VALUES (4, 'DELLDELLLA9970', 'dell-latitude-7440', 'Dell Latitude 7440', '<p>Dell Latitude 7440</p>', NULL, 1, 0.00, 0.00, 0.00, 'active', 'Dell Latitude 7440', NULL, 'http://localhost:3000/products/dell-latitude-7440', '2026-03-31 11:15:02', '2026-03-31 11:15:02');
INSERT INTO public.product_admin_meta VALUES (10, 'LENOLENOVO3948', 'lenovo-legion-pro-5', 'Lenovo Legion Pro 5', '<p>Lenovo Legion Pro 5</p>', NULL, 4, 0.00, 0.00, 0.00, 'active', 'Lenovo Legion Pro 5', NULL, 'http://localhost:3000/products/lenovo-legion-pro-5', '2026-03-31 11:27:54', '2026-03-31 11:27:54');
INSERT INTO public.product_admin_meta VALUES (8, 'ACERACERSW9558', 'acer-swift-x-14', 'Acer Swift X 14', '<p>Acer Swift X 14</p>', NULL, 6, 0.00, 0.00, 0.00, 'active', 'Acer Swift X 14', NULL, 'https://nhom7-lapstore.onrender.com/products/acer-swift-x-14', '2026-04-05 07:51:15.697441', '2026-04-05 07:51:15.697441');
INSERT INTO public.product_admin_meta VALUES (15, 'ASUSASUSZE3113', 'asus-zenbook-s14', 'Asus Zenbook S14 OLED UX5406SA-PV140WS là chiếc laptop văn phòng cao cấp', '<p><a href="\&quot;https://thinkpro.vn/laptop/asus-zenbook-s14-oled-ux5406sa-pv140ws\&quot;" rel="noopener noreferrer" target="_blank"><em>Asus Zenbook S14 OLED UX5406SA-PV140WS</em></a><em>&nbsp;là chiếc&nbsp;</em><a href="\&quot;https://thinkpro.vn/laptop?nhu-cau=van-phong\&quot;" rel="noopener noreferrer" target="_blank"><em>laptop văn phòng</em></a><em>&nbsp;cao cấp mang đến hiệu năng mạnh mẽ và hình ảnh sống động. Máy trang bị chip Core Ultra 7, RAM 32GB, màn hình OLED 3K 120Hz chuẩn màu sắc nét. Thiết kế siêu mỏng nhẹ chỉ 1.2kg giúp bạn dễ dàng mang theo, trở thành trợ thủ đắc lực cho cả công việc và giải trí.</em></p>', NULL, 3, 0.00, 0.00, 0.00, 'active', 'Asus Zenbook S14', NULL, 'http://localhost:3000/products/asus-zenbook-s14', '2026-03-31 14:08:16', '2026-03-31 14:08:16');
INSERT INTO public.product_admin_meta VALUES (11, 'APPLAPPLEM4016', 'apple-macbook-pro-14-m4-pro', 'Apple MacBook Pro 14 M4 Pro', '<p>Apple MacBook Pro 14 M4 Pro</p>', NULL, 2, 0.00, 0.00, 0.00, 'active', 'Apple MacBook Pro 14 M4 Pro', NULL, 'https://nhom7-lapstore.onrender.com/products/apple-macbook-pro-14-m4-pro', '2026-04-02 08:22:37.860475', '2026-04-02 08:22:37.860475');
INSERT INTO public.product_admin_meta VALUES (3, 'ASUSASUSRO0054', 'asus-rog-strix-g16', 'Gaming laptop hiệu năng cao', '<p>Asus ROG Strix G16 bản admin seed.</p>', NULL, 3, 0.00, 0.00, 0.00, 'active', 'Asus ROG Strix G16', NULL, 'https://nhom7-lapstore.onrender.com/products/asus-rog-strix', '2026-03-24 15:06:54', '2026-03-24 15:06:54');
INSERT INTO public.product_admin_meta VALUES (5, 'LENOLENOVO8748', 'lenovo-thinkpad-x1-carbon-gen-12', 'Lenovo ThinkPad X1 Carbon Gen 12', '<p>Lenovo ThinkPad X1 Carbon Gen 12</p>', NULL, 4, 0.00, 0.00, 0.00, 'active', 'Lenovo ThinkPad X1 Carbon Gen 12', NULL, 'https://nhom7-lapstore.onrender.com/products/lenovo-thinkpad-x1-carbon-gen-12', '2026-04-05 06:47:14.397447', '2026-04-05 06:47:14.397447');
INSERT INTO public.product_admin_meta VALUES (6, 'HPHPSPEC3881', 'hp-spectre-x360-14', 'HP Spectre x360 14', '<p>HP Spectre x360 14</p>', NULL, 5, 0.00, 0.00, 0.00, 'active', 'HP Spectre x360 14', NULL, 'https://nhom7-lapstore.onrender.com/products/hp-spectre-x360-14', '2026-04-05 07:21:34.337434', '2026-04-05 07:21:34.337434');
INSERT INTO public.product_admin_meta VALUES (7, 'ASUSASUSZE1685', 'asus-zenbook-14-oled', 'Asus Zenbook 14 OLED', '<p>Asus Zenbook 14 OLED</p>', NULL, 3, 0.00, 0.00, 0.00, 'active', 'Asus Zenbook 14 OLED', NULL, 'https://nhom7-lapstore.onrender.com/products/asus-zenbook-14-oled', '2026-04-05 07:27:10.755464', '2026-04-05 07:27:10.755464');
INSERT INTO public.product_admin_meta VALUES (9, 'MSIMSISTE8004', 'msi-stealth-16-ai-studio', 'MSI Stealth 16 AI Studio', '<p>MSI Stealth 16 AI Studio</p>', NULL, 7, 0.00, 0.00, 0.00, 'active', 'MSI Stealth 16 AI Studio', NULL, 'https://nhom7-lapstore.onrender.com/products/msi-stealth-16-ai-studio', '2026-04-05 07:28:42.283482', '2026-04-05 07:28:42.283482');
INSERT INTO public.product_admin_meta VALUES (12, 'DELLDELLXP3750', 'dell-xps-15', 'Dell XPS 15', '<p>Dell XPS 15</p>', NULL, 1, 0.00, 0.00, 0.00, 'active', 'Dell XPS 15', NULL, 'https://nhom7-lapstore.onrender.com/products/dell-xps-15', '2026-04-05 07:34:04.271745', '2026-04-05 07:34:04.271745');
INSERT INTO public.product_admin_meta VALUES (13, 'HPHPOMEN6940', 'hp-omen-16', 'HP Omen 16', '<p>HP Omen 16</p>', NULL, 5, 0.00, 0.00, 0.00, 'active', 'HP Omen 16', NULL, 'https://nhom7-lapstore.onrender.com/products/hp-omen-16', '2026-04-05 07:36:24.012665', '2026-04-05 07:36:24.012665');
INSERT INTO public.product_admin_meta VALUES (14, 'ACERACERPR5069', 'acer-predator-helios-neo-16', 'Acer Predator Helios Neo 16', '<p>Acer Predator Helios Neo 16</p>', NULL, 6, 0.00, 0.00, 0.00, 'active', 'Acer Predator Helios Neo 16', NULL, 'https://nhom7-lapstore.onrender.com/products/acer-predator-helios-neo-16', '2026-04-05 07:39:48.309654', '2026-04-05 07:39:48.309654');


--
-- TOC entry 3718 (class 0 OID 16668)
-- Dependencies: 246
-- Data for Name: product_images; Type: TABLE DATA; Schema: public; Owner: lapstore_db_user
--

INSERT INTO public.product_images VALUES (17, 1, 'images/laptop/dell-xps-13/2.jpg', 0, 1, '2026-03-31 11:15:27');
INSERT INTO public.product_images VALUES (16, 1, 'images/laptop/dell-xps-13/1.jpg', 1, 0, '2026-03-31 11:15:27');
INSERT INTO public.product_images VALUES (19, 4, 'images/laptop/dell-latitude-7440/1774956286335-325035550.webp', 0, 1, '2026-03-31 11:24:46');
INSERT INTO public.product_images VALUES (18, 4, 'images/laptop/dell-latitude-7440/1774956286222-348554363.webp', 1, 0, '2026-03-31 11:24:46');
INSERT INTO public.product_images VALUES (20, 4, 'images/laptop/dell-latitude-7440/1774956286639-172855872.webp', 0, 2, '2026-03-31 11:24:46');
INSERT INTO public.product_images VALUES (21, 10, 'images/laptop/lenovo-legion-pro-5/1774956474209-509065150.webp', 1, 0, '2026-03-31 11:27:54');
INSERT INTO public.product_images VALUES (22, 10, 'images/laptop/lenovo-legion-pro-5/1774956474400-192220404.webp', 0, 1, '2026-03-31 11:27:54');
INSERT INTO public.product_images VALUES (35, 2, 'images/laptop/macbook-air-m4/1774968311168-258865497.webp', 0, 1, '2026-03-31 14:46:58');
INSERT INTO public.product_images VALUES (34, 2, 'images/laptop/macbook-air-m4/1774968311055-90336543.webp', 1, 0, '2026-03-31 14:46:58');
INSERT INTO public.product_images VALUES (13, 11, 'https://res.cloudinary.com/deeoz7atz/image/upload/v1775124255/lapstore/laptop/apple-macbook-pro-14-m4-pro/dqru41tsdoxhbgtjhrrw.webp', 1, 0, '2026-04-02 10:04:17.766345');
INSERT INTO public.product_images VALUES (14, 11, 'https://res.cloudinary.com/deeoz7atz/image/upload/v1775124256/lapstore/laptop/apple-macbook-pro-14-m4-pro/p48ucov879ik8ypqwj57.webp', 0, 1, '2026-04-02 10:04:17.766345');
INSERT INTO public.product_images VALUES (24, 3, 'images/laptop/asus-rog-strix-g16/1.jpg', 1, 0, '2026-04-05 06:44:16.706738');
INSERT INTO public.product_images VALUES (36, 5, 'https://res.cloudinary.com/deeoz7atz/image/upload/v1775371631/lapstore/laptop/lenovo-thinkpad-x1-carbon-gen-12/jezm5wvuaizvihr7yfdr.webp', 1, 0, '2026-04-05 07:07:03.923795');
INSERT INTO public.product_images VALUES (37, 5, 'https://res.cloudinary.com/deeoz7atz/image/upload/v1775371632/lapstore/laptop/lenovo-thinkpad-x1-carbon-gen-12/ozo2lbjzhgilgumvidyn.webp', 0, 1, '2026-04-05 07:07:03.923795');
INSERT INTO public.product_images VALUES (38, 6, 'https://res.cloudinary.com/deeoz7atz/image/upload/v1775373692/lapstore/laptop/hp-spectre-x360-14/e3qfqti57nqbjneiffn8.webp', 1, 0, '2026-04-05 07:21:34.337434');
INSERT INTO public.product_images VALUES (39, 6, 'https://res.cloudinary.com/deeoz7atz/image/upload/v1775373692/lapstore/laptop/hp-spectre-x360-14/xizumk5txczl8pwgpukg.webp', 0, 1, '2026-04-05 07:21:34.337434');
INSERT INTO public.product_images VALUES (40, 7, 'https://res.cloudinary.com/deeoz7atz/image/upload/v1775374028/lapstore/laptop/asus-zenbook-14-oled/vvhuieitiwav1gn9aqmd.webp', 1, 0, '2026-04-05 07:27:10.755464');
INSERT INTO public.product_images VALUES (41, 7, 'https://res.cloudinary.com/deeoz7atz/image/upload/v1775374029/lapstore/laptop/asus-zenbook-14-oled/jbdu7b2vedsw3x7rnzkg.webp', 0, 1, '2026-04-05 07:27:10.755464');
INSERT INTO public.product_images VALUES (44, 9, 'https://res.cloudinary.com/deeoz7atz/image/upload/v1775374120/lapstore/laptop/msi-stealth-16-ai-studio/zdyfaodnfla0h6xgbfmt.webp', 1, 0, '2026-04-05 07:30:06.021071');
INSERT INTO public.product_images VALUES (45, 9, 'https://res.cloudinary.com/deeoz7atz/image/upload/v1775374121/lapstore/laptop/msi-stealth-16-ai-studio/xjmtli0m9wieuz0qguam.webp', 0, 1, '2026-04-05 07:30:06.021071');
INSERT INTO public.product_images VALUES (48, 12, 'https://res.cloudinary.com/deeoz7atz/image/upload/v1775374455/lapstore/laptop/dell-xps-15/dllc9jsvedltoz76xduc.webp', 1, 0, '2026-04-05 07:34:19.288251');
INSERT INTO public.product_images VALUES (49, 12, 'https://res.cloudinary.com/deeoz7atz/image/upload/v1775374457/lapstore/laptop/dell-xps-15/inw9v8qhpbsgi7xoitie.webp', 0, 1, '2026-04-05 07:34:19.288251');
INSERT INTO public.product_images VALUES (50, 13, 'https://res.cloudinary.com/deeoz7atz/image/upload/v1775374581/lapstore/laptop/hp-omen-16/y9cjjylxkxzakfapyt1s.webp', 1, 0, '2026-04-05 07:36:24.012665');
INSERT INTO public.product_images VALUES (51, 13, 'https://res.cloudinary.com/deeoz7atz/image/upload/v1775374582/lapstore/laptop/hp-omen-16/asihxdu53pocgu5xbowi.webp', 0, 1, '2026-04-05 07:36:24.012665');
INSERT INTO public.product_images VALUES (52, 14, 'https://res.cloudinary.com/deeoz7atz/image/upload/v1775374786/lapstore/laptop/acer-predator-helios-neo-16/tepm74uqpgwjoekx1bbk.webp', 1, 0, '2026-04-05 07:39:48.309654');
INSERT INTO public.product_images VALUES (53, 14, 'https://res.cloudinary.com/deeoz7atz/image/upload/v1775374787/lapstore/laptop/acer-predator-helios-neo-16/iluwkoe8ndytzb0z8y1z.webp', 0, 1, '2026-04-05 07:39:48.309654');
INSERT INTO public.product_images VALUES (54, 8, 'https://res.cloudinary.com/deeoz7atz/image/upload/v1775375473/lapstore/laptop/acer-swift-x-14/cdwkqjvsc2a8yxtgjbyb.webp', 1, 0, '2026-04-05 07:51:15.697441');
INSERT INTO public.product_images VALUES (55, 8, 'https://res.cloudinary.com/deeoz7atz/image/upload/v1775375474/lapstore/laptop/acer-swift-x-14/qvxmvmakc9zc5co78oi0.webp', 0, 1, '2026-04-05 07:51:15.697441');
INSERT INTO public.product_images VALUES (56, 15, 'images/laptop/asus-zenbook-s14/1774966095645-774991328.webp', 1, 0, '2026-04-05 18:53:58.883447');
INSERT INTO public.product_images VALUES (57, 15, 'images/laptop/asus-zenbook-s14/1774966095740-196473094.webp', 0, 1, '2026-04-05 18:53:58.883447');
INSERT INTO public.product_images VALUES (58, 15, 'images/laptop/asus-zenbook-s14/1774966095822-579677865.webp', 0, 2, '2026-04-05 18:53:58.883447');
INSERT INTO public.product_images VALUES (59, 15, 'images/laptop/asus-zenbook-s14/1774966095903-526113525.webp', 0, 3, '2026-04-05 18:53:58.883447');


--
-- TOC entry 3720 (class 0 OID 16681)
-- Dependencies: 248
-- Data for Name: product_specs; Type: TABLE DATA; Schema: public; Owner: lapstore_db_user
--

INSERT INTO public.product_specs VALUES (1, 1, 'Intel Core i7-1360P', 'Intel Iris Xe Graphics', 'Không', '16GB LPDDR5', '32GB', '512GB SSD NVMe', '1TB SSD', '13.3 inch', '1920x1200', 'IPS', 'USB-C Thunderbolt 4 x2, USB-A x1, Jack 3.5mm', '55Wh', '295.3 x 199.4 x 15.3 mm', '1.26 kg', 'Nhôm', 'Wi-Fi 6E, Bluetooth 5.3', 'FHD 1080p', 'Windows 11 Home');
INSERT INTO public.product_specs VALUES (2, 2, 'Apple M4', 'Apple M4 10-core GPU', 'Không', '8GB Unified', '16GB', '256GB SSD', '2TB SSD', '13.3 inch', '2560x1664', 'Liquid Retina', 'USB-C x2 (Thunderbolt 4), MagSafe 3, Jack 3.5mm', '53.2Wh', '304.1 x 215 x 11.5 mm', '1.24 kg', 'Nhôm tái chế', 'Wi-Fi 6E, Bluetooth 5.3', 'FHD 1080p', 'macOS Sequoia');
INSERT INTO public.product_specs VALUES (4, 4, 'Intel Core i7-1365U', 'Intel Iris Xe Graphics', 'Không', '16GB LPDDR5', '64GB', '512GB SSD NVMe', '2TB SSD', '14 inch', '1920x1200', 'IPS', 'USB-C Thunderbolt 4 x2, USB-A x2, HDMI 2.0, Jack 3.5mm', '58Wh', '312.9 x 214.9 x 16.6 mm', '1.36 kg', 'Carbon Fiber', 'Wi-Fi 6E, Bluetooth 5.3', 'FHD 1080p', 'Windows 11 Pro');
INSERT INTO public.product_specs VALUES (10, 10, 'AMD Ryzen 9 8945HX', 'AMD Radeon 780M', 'NVIDIA GeForce RTX 4070 8GB', '32GB DDR5', '64GB', '1TB SSD NVMe', '4TB SSD', '16 inch', '2560x1600', 'IPS 165Hz', 'USB-C x2, USB-A x4, HDMI 2.1, RJ45, Jack 3.5mm', '80Wh', '357.7 x 264.2 x 21.7 mm', '2.4 kg', 'Nhôm & Nhựa', 'Wi-Fi 6E, Bluetooth 5.1', 'FHD 1080p', 'Windows 11 Home');
INSERT INTO public.product_specs VALUES (6, 6, 'Intel Core Ultra 7 155H', 'Intel Arc Graphics', 'Không', '16GB LPDDR5x', '64GB', '1TB SSD NVMe', '2TB SSD', '14 inch', '2880x1800', 'OLED AMOLED', 'USB-C Thunderbolt 4 x2, USB-A x1, HDMI 2.1, MicroSD, Jack 3.5mm', '68Wh', '311.4 x 221.8 x 17 mm', '1.41 kg', 'Nhôm', 'Wi-Fi 6E, Bluetooth 5.3', 'FHD 1080p', 'Windows 11 Home');
INSERT INTO public.product_specs VALUES (7, 7, 'Intel Core Ultra 7 155H', 'Intel Arc Graphics', 'Không', '16GB LPDDR5x', '32GB', '512GB SSD NVMe', '1TB SSD', '14 inch', '2880x1800', 'OLED 120Hz', 'USB-C Thunderbolt 4 x2, USB-A x1, HDMI 2.1, MicroSD, Jack 3.5mm', '75Wh', '312.4 x 220 x 14.9 mm', '1.2 kg', 'Nhôm', 'Wi-Fi 6E, Bluetooth 5.3', 'FHD 1080p', 'Windows 11 Home');
INSERT INTO public.product_specs VALUES (8, 8, 'Intel Core Ultra 7 155H', 'Intel Arc Graphics', 'NVIDIA GeForce RTX 4070 8GB', '16GB LPDDR5x', '32GB', '1TB SSD NVMe', '2TB SSD', '14.5 inch', '2560x1600', 'IPS 120Hz', 'USB-C Thunderbolt 4 x2, USB-A x1, HDMI 2.1, MicroSD, Jack 3.5mm', '76Wh', '323.5 x 228 x 17.9 mm', '1.5 kg', 'Nhôm', 'Wi-Fi 6E, Bluetooth 5.3', 'FHD 1080p', 'Windows 11 Home');
INSERT INTO public.product_specs VALUES (9, 9, 'Intel Core Ultra 9 185H', 'Intel Arc Graphics', 'NVIDIA GeForce RTX 4080 12GB', '32GB DDR5', '64GB', '1TB SSD NVMe', '4TB SSD', '16 inch', '2560x1600', 'QHD+ 240Hz', 'USB-C Thunderbolt 5 x2, USB-A x3, HDMI 2.1, SD Card, Jack 3.5mm', '99.9Wh', '356 x 259 x 18.9 mm', '2.1 kg', 'Nhôm', 'Wi-Fi 7, Bluetooth 5.4', 'FHD 1080p', 'Windows 11 Home');
INSERT INTO public.product_specs VALUES (15, 15, 'Ultra 7 258V', 'Intel Arc Graphics', 'Không', '32GB LPDDR5X', 'Không', '1TB SSD M.2 PCIe 4.0 NVMe', '1TB', '14 inch', '3k (2880 x 1800)', 'OLED 120Hz', '2 × Thunderbolt 4 (USB-C), 1 × USB-A, 1 × HDMI, 1 × jack 3.5mm', '72Wh', '310 x 215 x 129 mm', '1.2 kg', 'Kim loại nguyên khối', 'Wi-Fi 7, Bluetooth 5.4', 'FHD + IR (Windows Hello)', 'Windows 11 Home');
INSERT INTO public.product_specs VALUES (12, 12, 'Intel Core Ultra 7 155H', 'Intel Arc Graphics', 'NVIDIA GeForce RTX 4060 8GB', '16GB LPDDR5x', '64GB', '1TB SSD NVMe', '4TB SSD', '15.6 inch', '3456x2160', 'OLED 60Hz', 'USB-C Thunderbolt 4 x2, USB-A x1, HDMI 2.1, SD Card, Jack 3.5mm', '86Wh', '344.4 x 230.1 x 18 mm', '1.86 kg', 'Nhôm', 'Wi-Fi 6E, Bluetooth 5.3', 'FHD 1080p', 'Windows 11 Home');
INSERT INTO public.product_specs VALUES (13, 13, 'Intel Core i7-14700HX', 'Intel UHD Graphics', 'NVIDIA GeForce RTX 4070 8GB', '32GB DDR5', '64GB', '1TB SSD NVMe', '4TB SSD', '16.1 inch', '2560x1440', 'IPS 165Hz', 'USB-C x2, USB-A x3, HDMI 2.1, RJ45, SD Card, Jack 3.5mm', '83Wh', '369 x 266 x 23.35 mm', '2.45 kg', 'Nhôm & Nhựa', 'Wi-Fi 6E, Bluetooth 5.3', 'FHD 1080p', 'Windows 11 Home');
INSERT INTO public.product_specs VALUES (11, 11, 'Apple M4 Pro', 'Apple M4 Pro 20-core GPU', 'Không', '18GB Unified', '64GB', '512GB SSD', '4TB SSD', '14.2 inch', '3024x1964', 'Liquid Retina XDR', 'USB-C Thunderbolt 5 x3, MagSafe 3, HDMI 2.1, SD Card, Jack 3.5mm', '72.4Wh', '312.6 x 221.2 x 15.5 mm', '1.55 kg', 'Nhôm tái chế', 'Wi-Fi 6E, Bluetooth 5.3', 'FHD 1080p', 'macOS Sequoia');
INSERT INTO public.product_specs VALUES (14, 14, 'Intel Core i7-14700HX', 'Intel UHD Graphics', 'NVIDIA GeForce RTX 4070 8GB', '32GB DDR5', '64GB', '1TB SSD NVMe', '4TB SSD', '16 inch', '2560x1600', 'IPS 165Hz', 'USB-C x2, USB-A x3, HDMI 2.1, RJ45, SD Card, Jack 3.5mm', '90Wh', '362 x 272 x 25.9 mm', '2.6 kg', 'Nhựa ABS', 'Wi-Fi 6E, Bluetooth 5.3', 'FHD 1080p', 'Windows 11 Home');
INSERT INTO public.product_specs VALUES (3, 3, 'Intel Core i7-14650HX', 'Intel UHD Graphics', 'NVIDIA GeForce RTX 4070 8GB', '32GB DDR5', '64GB', '512GB SSD NVMe', '2TB SSD', '16 inch', '2560x1600', 'IPS 165Hz', 'USB-C x2, USB-A x3, HDMI 2.1, RJ45, Jack 3.5mm', '90Wh', '354 x 259 x 22.6 mm', '2.5 kg', 'Nhôm & Nhựa', 'Wi-Fi 6E, Bluetooth 5.3', 'FHD 1080p', 'Windows 11 Home');
INSERT INTO public.product_specs VALUES (5, 5, 'Intel Core Ultra 7 155U', 'Intel Graphics', 'Không', '16GB LPDDR5x', '64GB', '1TB SSD NVMe', '2TB SSD', '14 inch', '1920x1200', 'IPS', 'USB-C Thunderbolt 4 x2, USB-A x2, HDMI 2.1, Jack 3.5mm', '57Wh', '315.6 x 222.5 x 14.9 mm', '1.12 kg', 'Carbon Fiber', 'Wi-Fi 6E, Bluetooth 5.3', 'FHD 1080p', 'Windows 11 Pro');


--
-- TOC entry 3722 (class 0 OID 16710)
-- Dependencies: 250
-- Data for Name: product_variants; Type: TABLE DATA; Schema: public; Owner: lapstore_db_user
--

INSERT INTO public.product_variants VALUES (1, 1, 'Bạc', '16GB', '512GB SSD', 'i7-1360P', 32990000.00, 11, 10, NULL, '2026-03-24 15:04:46', 'LAP-V000001', 5, 1, NULL, 0.00, 0.00, NULL, 32990000.00, 10.0000, 2999090.91, 32990000.00, NULL, NULL, NULL, 29990909.09, NULL, 'round_nearest_1000', 0);
INSERT INTO public.product_variants VALUES (2, 1, 'Đen', '32GB', '1TB SSD', 'i7-1360P', 38990000.00, 7, 5, NULL, '2026-03-24 15:04:46', 'LAP-V000002', 5, 1, NULL, 0.00, 0.00, NULL, 38990000.00, 10.0000, 3544545.45, 38990000.00, NULL, NULL, NULL, 35445454.55, NULL, 'round_nearest_1000', 0);
INSERT INTO public.product_variants VALUES (3, 2, 'Xanh Bầu Trời', '8GB', '256GB SSD', 'M4', 29990000.00, 6, 15, NULL, '2026-03-24 15:04:46', 'M4XM4101XN', 5, 1, 24500000.00, 50000.00, 300000.00, 24850000.00, 29990000.00, 10.0000, 2726363.64, 29990000.00, 32000000.00, NULL, 9.7128, 2413636.36, 8.0000, 'round_to_990', 0);
INSERT INTO public.product_variants VALUES (4, 2, 'Vàng Ánh Sao', '16GB', '512GB SSD', 'M4', 32990000.00, 6, 10, NULL, '2026-03-24 15:04:46', 'M4XM4189VA', 5, 1, 27500000.00, 50000.00, 300000.00, 27850000.00, 32990000.00, 10.0000, 2999090.91, 32990000.00, 35000000.00, NULL, 7.6873, 2140909.09, 8.0000, 'round_to_990', 0);
INSERT INTO public.product_variants VALUES (5, 2, 'Xám Không Gian', '16GB', '1TB SSD', 'M4', 39900000.00, 5, 8, NULL, '2026-03-24 15:04:46', 'M4XM4773XA', 5, 1, 30500000.00, 50000.00, 300000.00, 30850000.00, 39900000.00, 10.0000, 3627272.73, 39900000.00, 42000000.00, NULL, 17.5777, 5422727.27, NULL, 'round_to_900', 0);
INSERT INTO public.product_variants VALUES (8, 4, 'Bạc', '16GB', '512GB SSD', 'i7-1365U', 38990000.00, 9, 6, NULL, '2026-03-24 15:04:46', 'LAP-V000008', 5, 1, NULL, 0.00, 0.00, NULL, 38990000.00, 10.0000, 3544545.45, 38990000.00, NULL, NULL, NULL, 35445454.55, NULL, 'round_nearest_1000', 0);
INSERT INTO public.product_variants VALUES (9, 4, 'Bạc', '32GB', '1TB SSD', 'i7-1365U', 44990000.00, 8, 4, NULL, '2026-03-24 15:04:46', 'LAP-V000009', 5, 1, NULL, 0.00, 0.00, NULL, 44990000.00, 10.0000, 4090000.00, 44990000.00, NULL, NULL, NULL, 40900000.00, NULL, 'round_nearest_1000', 0);
INSERT INTO public.product_variants VALUES (15, 7, 'Xám Bazan', '16GB', '1TB SSD', 'Ultra 7 155H', 35990000.00, 5, 7, NULL, '2026-03-24 15:04:46', 'LAP-V000015', 5, 1, NULL, 0.00, 0.00, NULL, 35990000.00, 10.0000, 0.00, 35990000.00, NULL, NULL, NULL, NULL, NULL, 'round_nearest_1000', 0);
INSERT INTO public.product_variants VALUES (20, 10, 'Xám', '32GB', '1TB SSD', 'Ryzen 9 8945HX', 44990000.00, 10, 8, NULL, '2026-03-24 15:04:46', 'LAP-V000020', 5, 1, NULL, 0.00, 0.00, NULL, 44990000.00, 10.0000, 4090000.00, 44990000.00, NULL, NULL, NULL, 40900000.00, NULL, 'round_nearest_1000', 0);
INSERT INTO public.product_variants VALUES (21, 10, 'Xám', '32GB', '2TB SSD', 'Ryzen 9 8945HX', 49990000.00, 6, 4, NULL, '2026-03-24 15:04:46', 'LAP-V000021', 5, 1, NULL, 0.00, 0.00, NULL, 49990000.00, 10.0000, 4544545.45, 49990000.00, NULL, NULL, NULL, 45445454.55, NULL, 'round_nearest_1000', 0);
INSERT INTO public.product_variants VALUES (27, 13, 'Đen', '32GB', '2TB SSD', 'i7-14700HX', 46990000.00, 8, 3, NULL, '2026-03-24 15:04:46', 'LAP-V000027', 5, 1, NULL, 0.00, 0.00, NULL, 46990000.00, 10.0000, 0.00, 46990000.00, NULL, NULL, NULL, NULL, NULL, 'round_nearest_1000', 0);
INSERT INTO public.product_variants VALUES (22, 11, 'Đen Vũ Trụ', '18GB', '512GB SSD', 'M4 Pro', 52990000.00, 10, 10, NULL, '2026-03-24 15:04:46', 'M4PM4263DE', 5, 1, 45000000.00, 50000.00, 300000.00, 45350000.00, 52990000.00, 10.0000, 4817272.73, 52990000.00, 58900000.00, NULL, 6.2243, 2822727.27, NULL, 'round_to_990', 0);
INSERT INTO public.product_variants VALUES (23, 11, 'Bạc', '24GB', '1TB SSD', 'M4 Pro', 65990000.00, 5, 6, NULL, '2026-03-24 15:04:46', 'M4PM4069BA', 5, 1, 55000000.00, 50000.00, 300000.00, 55350000.00, 65990000.00, 10.0000, 5999090.91, 65990000.00, 69500000.00, NULL, 8.3847, 4640909.09, 8.0000, 'round_to_990', 0);
INSERT INTO public.product_variants VALUES (6, 3, 'Đen', '32GB', '512GB SSD', 'i7-14650HX', 34990000.00, 8, 7, NULL, '2026-03-24 15:04:46', 'ASUI7781DE', 3, 1, 29000000.00, 50000.00, 300000.00, 29350000.00, 34990000.00, 10.0000, 3180909.09, 34990000.00, 37900000.00, NULL, 8.3785, 2459090.91, 8.0000, 'round_to_990', 0);
INSERT INTO public.product_variants VALUES (7, 3, 'Đen', '32GB', '1TB SSD', 'i7-14650HX', 37990000.00, 5, 5, NULL, '2026-03-24 15:04:46', 'ASUI7365DE', 3, 1, 31000000.00, 50000.00, 300000.00, 31350000.00, 37990000.00, 10.0000, 3453636.36, 37990000.00, 39990000.00, NULL, 10.1638, 3186363.64, 10.0000, 'round_to_990', 0);
INSERT INTO public.product_variants VALUES (19, 9, 'Đen', '64GB', '2TB SSD', 'Ultra 9 185H', 5990000.00, 5, 3, NULL, '2026-03-24 15:04:46', 'MSIU9717DE', 1, 1, 5000000.00, 50000.00, 300000.00, 5350000.00, 5990000.00, 10.0000, 544545.45, 5990000.00, 6290000.00, NULL, 1.7842, 95454.55, 8.0000, 'round_to_990', 0);
INSERT INTO public.product_variants VALUES (10, 5, 'Đen', '16GB', '1TB SSD', 'Ultra 7 155U', 29990000.00, 12, 8, NULL, '2026-03-24 15:04:46', 'LENU7773DE', 3, 1, 25000000.00, 50000.00, 300000.00, 25350000.00, 29990000.00, 10.0000, 2726363.64, 29990000.00, 33990000.00, NULL, 7.5489, 1913636.36, 8.0000, 'round_to_990', 0);
INSERT INTO public.product_variants VALUES (11, 5, 'Đen', '32GB', '1TB SSD', 'Ultra 7 155U', 32990000.00, 8, 4, NULL, '2026-03-24 15:04:46', 'LENU7365DE', 1, 1, 27000000.00, 50000.00, 300000.00, 27350000.00, 32990000.00, 10.0000, 2999090.91, 32990000.00, 35990000.00, NULL, 9.6560, 2640909.09, 8.0000, 'round_to_990', 0);
INSERT INTO public.product_variants VALUES (12, 6, 'Đen Ngọc', '16GB', '1TB SSD', 'Ultra 7 155H', 37990000.00, 5, 9, NULL, '2026-03-24 15:04:46', 'HPUU7773DE', 3, 1, 32000000.00, 50000.00, 300000.00, 32350000.00, 37990000.00, 10.0000, 3453636.36, 37990000.00, 39990000.00, NULL, 6.7585, 2186363.64, 8.0000, 'round_to_990', 0);
INSERT INTO public.product_variants VALUES (13, 6, 'Bạc Tự Nhiên', '32GB', '2TB SSD', 'Ultra 7 155H', 41990000.00, 7, 3, NULL, '2026-03-24 15:04:46', 'HPUU7533BA', 1, 1, 35000000.00, 50000.00, 300000.00, 35350000.00, 41990000.00, 10.0000, 3817272.73, 41990000.00, 44989999.00, NULL, 7.9851, 2822727.27, 8.0000, 'round_to_990', 0);
INSERT INTO public.product_variants VALUES (14, 7, 'Xanh Ngọc', '16GB', '512GB SSD', 'Ultra 7 155H', 32990000.00, 6, 12, NULL, '2026-03-24 15:04:46', 'ASUU7189XN', 5, 1, 27000000.00, 50000.00, 300000.00, 27350000.00, 32990000.00, 10.0000, 2999090.91, 32990000.00, 34990000.00, NULL, 9.6560, 2640909.09, 8.0000, 'round_to_990', 0);
INSERT INTO public.product_variants VALUES (24, 12, 'Bạc', '16GB', '1TB SSD', 'Ultra 7 155H', 47990000.00, 9, 7, NULL, '2026-03-24 15:04:46', 'DELU7773BA', 1, 1, 40000000.00, 50000.00, 300000.00, 40350000.00, 47990000.00, 10.0000, 4362727.27, 47990000.00, 52900000.00, NULL, 8.1221, 3277272.73, 8.0000, 'round_to_990', 0);
INSERT INTO public.product_variants VALUES (18, 9, 'Đen', '32GB', '1TB SSD', 'Ultra 9 185H', 53990000.00, 5, 5, NULL, '2026-03-24 15:04:46', 'MSIU9365DE', 1, 1, 45000000.00, 50000.00, 300000.00, 45350000.00, 53990000.00, 10.0000, 4908181.82, 53990000.00, 56990000.00, NULL, 8.2289, 3731818.18, 8.0000, 'round_to_990', 0);
INSERT INTO public.product_variants VALUES (25, 12, 'Bạc', '32GB', '1TB SSD', 'Ultra 7 155H', 49990000.00, 12, 4, NULL, '2026-03-24 15:04:46', 'DELU7365BA', 1, 1, 41999998.00, 50000.00, 300000.00, 42349998.00, 49990000.00, 10.0000, 4544545.45, 49990000.00, 56900000.00, NULL, 7.3092, 3095456.55, 8.0000, 'round_to_990', 0);
INSERT INTO public.product_variants VALUES (26, 13, 'Đen', '32GB', '1TB SSD', 'i7-14700HX', 43990000.00, 6, 6, NULL, '2026-03-24 15:04:46', 'HPII7365DE', 1, 1, 37000000.00, 50000.00, 300000.00, 37350000.00, 43990000.00, 10.0000, 3999090.91, 43990000.00, 46990000.00, NULL, 7.0707, 2640909.09, 8.0000, 'round_to_990', 0);
INSERT INTO public.product_variants VALUES (29, 14, 'Đen', '32GB', '2TB SSD', 'i7-14700HX', 46990000.00, 6, 3, NULL, '2026-03-24 15:04:46', 'ACEI7533DE', 1, 1, 39000000.00, 50000.00, 300000.00, 39350000.00, 46990000.00, 10.0000, 4271818.18, 46990000.00, 49990000.00, NULL, 8.5595, 3368181.82, 8.0000, 'round_to_990', 0);
INSERT INTO public.product_variants VALUES (16, 8, 'Bạc', '16GB', '1TB SSD', 'Ultra 7 155H', 34990000.00, 8, 10, NULL, '2026-03-24 15:04:46', 'ACEU7773BA', 1, 1, 29000000.00, 50000.00, 300000.00, 29350000.00, 34990000.00, 10.0000, 3180909.09, 34990000.00, 37990000.00, NULL, 8.3785, 2459090.91, 8.0000, 'round_to_990', 0);
INSERT INTO public.product_variants VALUES (17, 8, 'Xanh', '32GB', '1TB SSD', 'Ultra 7 155H', 36990000.00, 8, 5, NULL, '2026-03-24 15:04:46', 'ACEU7365XN', 1, 1, 31000001.00, 50000.00, 300000.00, 31350001.00, 36990000.00, 10.0000, 3362727.27, 36990000.00, 39990000.00, NULL, 7.2640, 2277271.73, 8.0000, 'round_to_990', 0);
INSERT INTO public.product_variants VALUES (30, 15, 'Trắng', '32GB', '1TB', 'Ultra 7 258V', 44990000.00, 7, 4, NULL, '2026-03-31 14:08:16', 'ASUU7032TR', 1, 1, 35000000.00, 50000.00, 400000.00, 35450000.00, 44990000.00, 10.0000, 4090000.00, 44990000.00, 48590000.00, NULL, 15.3738, 5450000.00, 15.0000, 'round_to_990', 0);
INSERT INTO public.product_variants VALUES (28, 14, 'Đen', '32GB', '1TB SSD', 'i7-14700HX', 43990000.00, 4, 6, NULL, '2026-03-24 15:04:46', 'ACEI7365DE', 1, 1, 37000000.00, 50000.00, 300000.00, 37350000.00, 43990000.00, 10.0000, 3999090.91, 43990000.00, 45989999.00, NULL, 7.0707, 2640909.09, 8.0000, 'round_to_990', 0);


--
-- TOC entry 3715 (class 0 OID 16629)
-- Dependencies: 243
-- Data for Name: products; Type: TABLE DATA; Schema: public; Owner: lapstore_db_user
--

INSERT INTO public.products VALUES (1, 'Dell XPS 13 Plus', 'Dell', 'Laptop ultrabook', '2026-03-24 15:04:46');
INSERT INTO public.products VALUES (2, 'MacBook Air M4', 'Apple', 'MacBook Air M4 mỏng nhẹ', '2026-03-24 15:04:46');
INSERT INTO public.products VALUES (4, 'Dell Latitude 7440', 'Dell', 'Dell Latitude 7440', '2026-03-24 15:04:46');
INSERT INTO public.products VALUES (10, 'Lenovo Legion Pro 5', 'Lenovo', 'Lenovo Legion Pro 5', '2026-03-24 15:04:46');
INSERT INTO public.products VALUES (11, 'Apple MacBook Pro 14 M4 Pro', 'Apple', 'Apple MacBook Pro 14 M4 Pro', '2026-03-24 15:04:46');
INSERT INTO public.products VALUES (3, 'Asus ROG STRIX G16', 'Asus', 'Gaming laptop hiệu năng cao', '2026-03-24 15:04:46');
INSERT INTO public.products VALUES (5, 'Lenovo ThinkPad X1 Carbon Gen 12', 'Lenovo', 'Lenovo ThinkPad X1 Carbon Gen 12', '2026-03-24 15:04:46');
INSERT INTO public.products VALUES (6, 'HP Spectre x360 14', 'HP', 'HP Spectre x360 14', '2026-03-24 15:04:46');
INSERT INTO public.products VALUES (7, 'Asus Zenbook 14 OLED', 'Asus', 'Asus Zenbook 14 OLED', '2026-03-24 15:04:46');
INSERT INTO public.products VALUES (9, 'MSI Stealth 16 AI Studio', 'MSI', 'MSI Stealth 16 AI Studio', '2026-03-24 15:04:46');
INSERT INTO public.products VALUES (12, 'Dell XPS 15', 'Dell', 'Dell XPS 15', '2026-03-24 15:04:46');
INSERT INTO public.products VALUES (13, 'HP Omen 16', 'HP', 'HP Omen 16', '2026-03-24 15:04:46');
INSERT INTO public.products VALUES (14, 'Acer Predator Helios Neo 16', 'Acer', 'Acer Predator Helios Neo 16', '2026-03-24 15:04:46');
INSERT INTO public.products VALUES (8, 'Acer Swift X 14', 'Acer', 'Acer Swift X 14', '2026-03-24 15:04:46');
INSERT INTO public.products VALUES (15, 'Asus Zenbook S14', 'Asus', 'Asus Zenbook S14 OLED UX5406SA-PV140WS là chiếc laptop văn phòng cao cấp', '2026-03-31 14:08:16');


--
-- TOC entry 3726 (class 0 OID 16772)
-- Dependencies: 254
-- Data for Name: user_addresses; Type: TABLE DATA; Schema: public; Owner: lapstore_db_user
--

INSERT INTO public.user_addresses VALUES (2, 1, 'Trần Trọng Phúc', '0929459370', 'abc', NULL, NULL, NULL, 'Đồng Tháp', 1, '2026-03-31 09:42:58', '2026-03-31 09:43:02');


--
-- TOC entry 3724 (class 0 OID 16757)
-- Dependencies: 252
-- Data for Name: users; Type: TABLE DATA; Schema: public; Owner: lapstore_db_user
--

INSERT INTO public.users VALUES (1, 'user@gmail.com', '$2b$10$wHC1tgo8coMkYKgY2NNthurWFugRudj2XkYkg.YvVXGPuy5GMeu/6', 'user', '2026-03-24 08:04:46');
INSERT INTO public.users VALUES (2, 'admin@gmail.com', '$2b$10$wHC1tgo8coMkYKgY2NNthurWFugRudj2XkYkg.YvVXGPuy5GMeu/6', 'admin', '2026-03-24 08:04:46');
INSERT INTO public.users VALUES (3, 'user2@gmail.com', '$2b$10$sSZwody6n5Y8/ihOQa6i2O7hqzAHxir6C3oK5/SPTP2Czco.wygtK', 'user', '2026-04-01 07:54:02.678594');
INSERT INTO public.users VALUES (4, 'hin@gmail.com', '$2b$10$oHTLjaCJrDN/LUNjeCKpAuXTr3km7FzaO2yY0fm1h9nfgA55jLc4a', 'user', '2026-04-01 07:54:53.97908');
INSERT INTO public.users VALUES (5, 'duong123@gmail.com', '$2b$10$abYmRzSaErpek56LmheNJOPD4FM8FdEtDl/vXbPc5zxOTlVw5Noki', 'user', '2026-04-01 07:57:12.278014');
INSERT INTO public.users VALUES (6, 'led51269@gmail.com', '$2b$10$LWyW1UsQud.rUDGSb1x/MeKTYSMu1k6Dv29aZqpXGZJoldtH5qUC6', 'user', '2026-04-07 07:25:02.03453');


--
-- TOC entry 3728 (class 0 OID 16795)
-- Dependencies: 256
-- Data for Name: vouchers; Type: TABLE DATA; Schema: public; Owner: lapstore_db_user
--

INSERT INTO public.vouchers VALUES (6001, 'WELCOME10', 'percent', 10.00, 10000000.00, 100, 12, '2026-01-01 00:00:00', '2026-12-31 23:59:59', 1, '2026-03-24 15:06:54', 1000000.00);
INSERT INTO public.vouchers VALUES (6002, 'VIP1500K', 'fixed', 1500000.00, 30000000.00, 50, 8, '2026-01-01 00:00:00', '2026-09-30 23:59:59', 1, '2026-03-24 15:06:54', NULL);
INSERT INTO public.vouchers VALUES (6003, 'FLASH500K', 'fixed', 500000.00, 15000000.00, 200, 33, '2026-03-01 00:00:00', '2026-04-30 23:59:59', 1, '2026-03-24 15:06:54', NULL);
INSERT INTO public.vouchers VALUES (6004, 'TEST', 'fixed', 500000.00, 50000000.00, 1, 1, NULL, NULL, 1, '2026-03-31 09:44:10', NULL);


--
-- TOC entry 3736 (class 0 OID 0)
-- Dependencies: 219
-- Name: admin_audit_logs_id_seq; Type: SEQUENCE SET; Schema: public; Owner: lapstore_db_user
--

SELECT pg_catalog.setval('public.admin_audit_logs_id_seq', 34, true);


--
-- TOC entry 3737 (class 0 OID 0)
-- Dependencies: 222
-- Name: banners_id_seq; Type: SEQUENCE SET; Schema: public; Owner: lapstore_db_user
--

SELECT pg_catalog.setval('public.banners_id_seq', 1, false);


--
-- TOC entry 3738 (class 0 OID 0)
-- Dependencies: 224
-- Name: brands_id_seq; Type: SEQUENCE SET; Schema: public; Owner: lapstore_db_user
--

SELECT pg_catalog.setval('public.brands_id_seq', 8, true);


--
-- TOC entry 3739 (class 0 OID 0)
-- Dependencies: 226
-- Name: categories_id_seq; Type: SEQUENCE SET; Schema: public; Owner: lapstore_db_user
--

SELECT pg_catalog.setval('public.categories_id_seq', 1, false);


--
-- TOC entry 3740 (class 0 OID 0)
-- Dependencies: 228
-- Name: customers_id_seq; Type: SEQUENCE SET; Schema: public; Owner: lapstore_db_user
--

SELECT pg_catalog.setval('public.customers_id_seq', 1, true);


--
-- TOC entry 3741 (class 0 OID 0)
-- Dependencies: 230
-- Name: flash_sales_id_seq; Type: SEQUENCE SET; Schema: public; Owner: lapstore_db_user
--

SELECT pg_catalog.setval('public.flash_sales_id_seq', 1, false);


--
-- TOC entry 3742 (class 0 OID 0)
-- Dependencies: 232
-- Name: inventory_transactions_id_seq; Type: SEQUENCE SET; Schema: public; Owner: lapstore_db_user
--

SELECT pg_catalog.setval('public.inventory_transactions_id_seq', 1, false);


--
-- TOC entry 3743 (class 0 OID 0)
-- Dependencies: 236
-- Name: order_items_id_seq; Type: SEQUENCE SET; Schema: public; Owner: lapstore_db_user
--

SELECT pg_catalog.setval('public.order_items_id_seq', 2, true);


--
-- TOC entry 3744 (class 0 OID 0)
-- Dependencies: 238
-- Name: order_status_history_id_seq; Type: SEQUENCE SET; Schema: public; Owner: lapstore_db_user
--

SELECT pg_catalog.setval('public.order_status_history_id_seq', 2, true);


--
-- TOC entry 3745 (class 0 OID 0)
-- Dependencies: 234
-- Name: orders_id_seq; Type: SEQUENCE SET; Schema: public; Owner: lapstore_db_user
--

SELECT pg_catalog.setval('public.orders_id_seq', 2, true);


--
-- TOC entry 3746 (class 0 OID 0)
-- Dependencies: 240
-- Name: permissions_id_seq; Type: SEQUENCE SET; Schema: public; Owner: lapstore_db_user
--

SELECT pg_catalog.setval('public.permissions_id_seq', 1, false);


--
-- TOC entry 3747 (class 0 OID 0)
-- Dependencies: 245
-- Name: product_images_id_seq; Type: SEQUENCE SET; Schema: public; Owner: lapstore_db_user
--

SELECT pg_catalog.setval('public.product_images_id_seq', 59, true);


--
-- TOC entry 3748 (class 0 OID 0)
-- Dependencies: 247
-- Name: product_specs_id_seq; Type: SEQUENCE SET; Schema: public; Owner: lapstore_db_user
--

SELECT pg_catalog.setval('public.product_specs_id_seq', 1, false);


--
-- TOC entry 3749 (class 0 OID 0)
-- Dependencies: 249
-- Name: product_variants_id_seq; Type: SEQUENCE SET; Schema: public; Owner: lapstore_db_user
--

SELECT pg_catalog.setval('public.product_variants_id_seq', 1, false);


--
-- TOC entry 3750 (class 0 OID 0)
-- Dependencies: 242
-- Name: products_id_seq; Type: SEQUENCE SET; Schema: public; Owner: lapstore_db_user
--

SELECT pg_catalog.setval('public.products_id_seq', 13, true);


--
-- TOC entry 3751 (class 0 OID 0)
-- Dependencies: 253
-- Name: user_addresses_id_seq; Type: SEQUENCE SET; Schema: public; Owner: lapstore_db_user
--

SELECT pg_catalog.setval('public.user_addresses_id_seq', 1, false);


--
-- TOC entry 3752 (class 0 OID 0)
-- Dependencies: 251
-- Name: users_id_seq; Type: SEQUENCE SET; Schema: public; Owner: lapstore_db_user
--

SELECT pg_catalog.setval('public.users_id_seq', 6, true);


--
-- TOC entry 3753 (class 0 OID 0)
-- Dependencies: 255
-- Name: vouchers_id_seq; Type: SEQUENCE SET; Schema: public; Owner: lapstore_db_user
--

SELECT pg_catalog.setval('public.vouchers_id_seq', 1, false);


--
-- TOC entry 3459 (class 2606 OID 16426)
-- Name: admin_audit_logs admin_audit_logs_pkey; Type: CONSTRAINT; Schema: public; Owner: lapstore_db_user
--

ALTER TABLE ONLY public.admin_audit_logs
    ADD CONSTRAINT admin_audit_logs_pkey PRIMARY KEY (id);


--
-- TOC entry 3462 (class 2606 OID 16437)
-- Name: app_settings app_settings_pkey; Type: CONSTRAINT; Schema: public; Owner: lapstore_db_user
--

ALTER TABLE ONLY public.app_settings
    ADD CONSTRAINT app_settings_pkey PRIMARY KEY (key);


--
-- TOC entry 3464 (class 2606 OID 16451)
-- Name: banners banners_pkey; Type: CONSTRAINT; Schema: public; Owner: lapstore_db_user
--

ALTER TABLE ONLY public.banners
    ADD CONSTRAINT banners_pkey PRIMARY KEY (id);


--
-- TOC entry 3466 (class 2606 OID 16469)
-- Name: brands brands_name_key; Type: CONSTRAINT; Schema: public; Owner: lapstore_db_user
--

ALTER TABLE ONLY public.brands
    ADD CONSTRAINT brands_name_key UNIQUE (name);


--
-- TOC entry 3468 (class 2606 OID 16467)
-- Name: brands brands_pkey; Type: CONSTRAINT; Schema: public; Owner: lapstore_db_user
--

ALTER TABLE ONLY public.brands
    ADD CONSTRAINT brands_pkey PRIMARY KEY (id);


--
-- TOC entry 3470 (class 2606 OID 16471)
-- Name: brands brands_slug_key; Type: CONSTRAINT; Schema: public; Owner: lapstore_db_user
--

ALTER TABLE ONLY public.brands
    ADD CONSTRAINT brands_slug_key UNIQUE (slug);


--
-- TOC entry 3472 (class 2606 OID 16488)
-- Name: categories categories_pkey; Type: CONSTRAINT; Schema: public; Owner: lapstore_db_user
--

ALTER TABLE ONLY public.categories
    ADD CONSTRAINT categories_pkey PRIMARY KEY (id);


--
-- TOC entry 3474 (class 2606 OID 16490)
-- Name: categories categories_slug_key; Type: CONSTRAINT; Schema: public; Owner: lapstore_db_user
--

ALTER TABLE ONLY public.categories
    ADD CONSTRAINT categories_slug_key UNIQUE (slug);


--
-- TOC entry 3477 (class 2606 OID 16509)
-- Name: customers customers_pkey; Type: CONSTRAINT; Schema: public; Owner: lapstore_db_user
--

ALTER TABLE ONLY public.customers
    ADD CONSTRAINT customers_pkey PRIMARY KEY (id);


--
-- TOC entry 3480 (class 2606 OID 16525)
-- Name: flash_sales flash_sales_pkey; Type: CONSTRAINT; Schema: public; Owner: lapstore_db_user
--

ALTER TABLE ONLY public.flash_sales
    ADD CONSTRAINT flash_sales_pkey PRIMARY KEY (id);


--
-- TOC entry 3486 (class 2606 OID 16545)
-- Name: inventory_transactions inventory_transactions_pkey; Type: CONSTRAINT; Schema: public; Owner: lapstore_db_user
--

ALTER TABLE ONLY public.inventory_transactions
    ADD CONSTRAINT inventory_transactions_pkey PRIMARY KEY (id);


--
-- TOC entry 3498 (class 2606 OID 16597)
-- Name: order_items order_items_pkey; Type: CONSTRAINT; Schema: public; Owner: lapstore_db_user
--

ALTER TABLE ONLY public.order_items
    ADD CONSTRAINT order_items_pkey PRIMARY KEY (id);


--
-- TOC entry 3502 (class 2606 OID 16612)
-- Name: order_status_history order_status_history_pkey; Type: CONSTRAINT; Schema: public; Owner: lapstore_db_user
--

ALTER TABLE ONLY public.order_status_history
    ADD CONSTRAINT order_status_history_pkey PRIMARY KEY (id);


--
-- TOC entry 3491 (class 2606 OID 16576)
-- Name: orders orders_order_code_key; Type: CONSTRAINT; Schema: public; Owner: lapstore_db_user
--

ALTER TABLE ONLY public.orders
    ADD CONSTRAINT orders_order_code_key UNIQUE (order_code);


--
-- TOC entry 3493 (class 2606 OID 16574)
-- Name: orders orders_pkey; Type: CONSTRAINT; Schema: public; Owner: lapstore_db_user
--

ALTER TABLE ONLY public.orders
    ADD CONSTRAINT orders_pkey PRIMARY KEY (id);


--
-- TOC entry 3504 (class 2606 OID 16627)
-- Name: permissions permissions_code_key; Type: CONSTRAINT; Schema: public; Owner: lapstore_db_user
--

ALTER TABLE ONLY public.permissions
    ADD CONSTRAINT permissions_code_key UNIQUE (code);


--
-- TOC entry 3506 (class 2606 OID 16625)
-- Name: permissions permissions_pkey; Type: CONSTRAINT; Schema: public; Owner: lapstore_db_user
--

ALTER TABLE ONLY public.permissions
    ADD CONSTRAINT permissions_pkey PRIMARY KEY (id);


--
-- TOC entry 3512 (class 2606 OID 16660)
-- Name: product_admin_meta product_admin_meta_pkey; Type: CONSTRAINT; Schema: public; Owner: lapstore_db_user
--

ALTER TABLE ONLY public.product_admin_meta
    ADD CONSTRAINT product_admin_meta_pkey PRIMARY KEY (product_id);


--
-- TOC entry 3514 (class 2606 OID 16662)
-- Name: product_admin_meta product_admin_meta_sku_key; Type: CONSTRAINT; Schema: public; Owner: lapstore_db_user
--

ALTER TABLE ONLY public.product_admin_meta
    ADD CONSTRAINT product_admin_meta_sku_key UNIQUE (sku);


--
-- TOC entry 3516 (class 2606 OID 16664)
-- Name: product_admin_meta product_admin_meta_slug_key; Type: CONSTRAINT; Schema: public; Owner: lapstore_db_user
--

ALTER TABLE ONLY public.product_admin_meta
    ADD CONSTRAINT product_admin_meta_slug_key UNIQUE (slug);


--
-- TOC entry 3519 (class 2606 OID 16678)
-- Name: product_images product_images_pkey; Type: CONSTRAINT; Schema: public; Owner: lapstore_db_user
--

ALTER TABLE ONLY public.product_images
    ADD CONSTRAINT product_images_pkey PRIMARY KEY (id);


--
-- TOC entry 3521 (class 2606 OID 16706)
-- Name: product_specs product_specs_pkey; Type: CONSTRAINT; Schema: public; Owner: lapstore_db_user
--

ALTER TABLE ONLY public.product_specs
    ADD CONSTRAINT product_specs_pkey PRIMARY KEY (id);


--
-- TOC entry 3523 (class 2606 OID 16708)
-- Name: product_specs product_specs_product_id_key; Type: CONSTRAINT; Schema: public; Owner: lapstore_db_user
--

ALTER TABLE ONLY public.product_specs
    ADD CONSTRAINT product_specs_product_id_key UNIQUE (product_id);


--
-- TOC entry 3527 (class 2606 OID 16751)
-- Name: product_variants product_variants_pkey; Type: CONSTRAINT; Schema: public; Owner: lapstore_db_user
--

ALTER TABLE ONLY public.product_variants
    ADD CONSTRAINT product_variants_pkey PRIMARY KEY (id);


--
-- TOC entry 3529 (class 2606 OID 16753)
-- Name: product_variants product_variants_sku_key; Type: CONSTRAINT; Schema: public; Owner: lapstore_db_user
--

ALTER TABLE ONLY public.product_variants
    ADD CONSTRAINT product_variants_sku_key UNIQUE (sku);


--
-- TOC entry 3508 (class 2606 OID 16639)
-- Name: products products_pkey; Type: CONSTRAINT; Schema: public; Owner: lapstore_db_user
--

ALTER TABLE ONLY public.products
    ADD CONSTRAINT products_pkey PRIMARY KEY (id);


--
-- TOC entry 3539 (class 2606 OID 16791)
-- Name: user_addresses user_addresses_pkey; Type: CONSTRAINT; Schema: public; Owner: lapstore_db_user
--

ALTER TABLE ONLY public.user_addresses
    ADD CONSTRAINT user_addresses_pkey PRIMARY KEY (id);


--
-- TOC entry 3531 (class 2606 OID 16770)
-- Name: users users_email_key; Type: CONSTRAINT; Schema: public; Owner: lapstore_db_user
--

ALTER TABLE ONLY public.users
    ADD CONSTRAINT users_email_key UNIQUE (email);


--
-- TOC entry 3533 (class 2606 OID 16768)
-- Name: users users_pkey; Type: CONSTRAINT; Schema: public; Owner: lapstore_db_user
--

ALTER TABLE ONLY public.users
    ADD CONSTRAINT users_pkey PRIMARY KEY (id);


--
-- TOC entry 3541 (class 2606 OID 16811)
-- Name: vouchers vouchers_code_key; Type: CONSTRAINT; Schema: public; Owner: lapstore_db_user
--

ALTER TABLE ONLY public.vouchers
    ADD CONSTRAINT vouchers_code_key UNIQUE (code);


--
-- TOC entry 3543 (class 2606 OID 16809)
-- Name: vouchers vouchers_pkey; Type: CONSTRAINT; Schema: public; Owner: lapstore_db_user
--

ALTER TABLE ONLY public.vouchers
    ADD CONSTRAINT vouchers_pkey PRIMARY KEY (id);


--
-- TOC entry 3460 (class 1259 OID 16427)
-- Name: idx_admin_audit_logs_fk_admin_audit_user; Type: INDEX; Schema: public; Owner: lapstore_db_user
--

CREATE INDEX idx_admin_audit_logs_fk_admin_audit_user ON public.admin_audit_logs USING btree (user_id);


--
-- TOC entry 3475 (class 1259 OID 16491)
-- Name: idx_categories_fk_categories_parent; Type: INDEX; Schema: public; Owner: lapstore_db_user
--

CREATE INDEX idx_categories_fk_categories_parent ON public.categories USING btree (parent_id);


--
-- TOC entry 3478 (class 1259 OID 16510)
-- Name: idx_customers_fk_customers_user; Type: INDEX; Schema: public; Owner: lapstore_db_user
--

CREATE INDEX idx_customers_fk_customers_user ON public.customers USING btree (user_id);


--
-- TOC entry 3481 (class 1259 OID 16526)
-- Name: idx_flash_sales_fk_flash_sales_product; Type: INDEX; Schema: public; Owner: lapstore_db_user
--

CREATE INDEX idx_flash_sales_fk_flash_sales_product ON public.flash_sales USING btree (product_id);


--
-- TOC entry 3482 (class 1259 OID 16527)
-- Name: idx_flash_sales_fk_flash_sales_variant; Type: INDEX; Schema: public; Owner: lapstore_db_user
--

CREATE INDEX idx_flash_sales_fk_flash_sales_variant ON public.flash_sales USING btree (variant_id);


--
-- TOC entry 3483 (class 1259 OID 16547)
-- Name: idx_inventory_transactions_fk_inventory_user; Type: INDEX; Schema: public; Owner: lapstore_db_user
--

CREATE INDEX idx_inventory_transactions_fk_inventory_user ON public.inventory_transactions USING btree (created_by);


--
-- TOC entry 3484 (class 1259 OID 16546)
-- Name: idx_inventory_transactions_fk_inventory_variant; Type: INDEX; Schema: public; Owner: lapstore_db_user
--

CREATE INDEX idx_inventory_transactions_fk_inventory_variant ON public.inventory_transactions USING btree (variant_id);


--
-- TOC entry 3494 (class 1259 OID 16598)
-- Name: idx_order_items_fk_order_items_order; Type: INDEX; Schema: public; Owner: lapstore_db_user
--

CREATE INDEX idx_order_items_fk_order_items_order ON public.order_items USING btree (order_id);


--
-- TOC entry 3495 (class 1259 OID 16599)
-- Name: idx_order_items_fk_order_items_product; Type: INDEX; Schema: public; Owner: lapstore_db_user
--

CREATE INDEX idx_order_items_fk_order_items_product ON public.order_items USING btree (product_id);


--
-- TOC entry 3496 (class 1259 OID 16600)
-- Name: idx_order_items_fk_order_items_variant; Type: INDEX; Schema: public; Owner: lapstore_db_user
--

CREATE INDEX idx_order_items_fk_order_items_variant ON public.order_items USING btree (variant_id);


--
-- TOC entry 3499 (class 1259 OID 16613)
-- Name: idx_order_status_history_fk_order_status_history_order; Type: INDEX; Schema: public; Owner: lapstore_db_user
--

CREATE INDEX idx_order_status_history_fk_order_status_history_order ON public.order_status_history USING btree (order_id);


--
-- TOC entry 3500 (class 1259 OID 16614)
-- Name: idx_order_status_history_fk_order_status_history_user; Type: INDEX; Schema: public; Owner: lapstore_db_user
--

CREATE INDEX idx_order_status_history_fk_order_status_history_user ON public.order_status_history USING btree (changed_by);


--
-- TOC entry 3487 (class 1259 OID 16577)
-- Name: idx_orders_fk_orders_customer; Type: INDEX; Schema: public; Owner: lapstore_db_user
--

CREATE INDEX idx_orders_fk_orders_customer ON public.orders USING btree (customer_id);


--
-- TOC entry 3488 (class 1259 OID 16578)
-- Name: idx_orders_fk_orders_sales_user; Type: INDEX; Schema: public; Owner: lapstore_db_user
--

CREATE INDEX idx_orders_fk_orders_sales_user ON public.orders USING btree (sales_user_id);


--
-- TOC entry 3489 (class 1259 OID 16579)
-- Name: idx_orders_idx_orders_status_created; Type: INDEX; Schema: public; Owner: lapstore_db_user
--

CREATE INDEX idx_orders_idx_orders_status_created ON public.orders USING btree (status, created_at);


--
-- TOC entry 3509 (class 1259 OID 16666)
-- Name: idx_product_admin_meta_fk_product_admin_meta_brand; Type: INDEX; Schema: public; Owner: lapstore_db_user
--

CREATE INDEX idx_product_admin_meta_fk_product_admin_meta_brand ON public.product_admin_meta USING btree (brand_id);


--
-- TOC entry 3510 (class 1259 OID 16665)
-- Name: idx_product_admin_meta_fk_product_admin_meta_category; Type: INDEX; Schema: public; Owner: lapstore_db_user
--

CREATE INDEX idx_product_admin_meta_fk_product_admin_meta_category ON public.product_admin_meta USING btree (category_id);


--
-- TOC entry 3517 (class 1259 OID 16679)
-- Name: idx_product_images_product_id; Type: INDEX; Schema: public; Owner: lapstore_db_user
--

CREATE INDEX idx_product_images_product_id ON public.product_images USING btree (product_id);


--
-- TOC entry 3524 (class 1259 OID 16755)
-- Name: idx_product_variants_idx_variant_sku; Type: INDEX; Schema: public; Owner: lapstore_db_user
--

CREATE INDEX idx_product_variants_idx_variant_sku ON public.product_variants USING btree (sku);


--
-- TOC entry 3525 (class 1259 OID 16754)
-- Name: idx_product_variants_product_id; Type: INDEX; Schema: public; Owner: lapstore_db_user
--

CREATE INDEX idx_product_variants_product_id ON public.product_variants USING btree (product_id);


--
-- TOC entry 3534 (class 1259 OID 16793)
-- Name: idx_user_addresses_idx_user_addresses_default; Type: INDEX; Schema: public; Owner: lapstore_db_user
--

CREATE INDEX idx_user_addresses_idx_user_addresses_default ON public.user_addresses USING btree (user_id, is_default);


--
-- TOC entry 3535 (class 1259 OID 16792)
-- Name: idx_user_addresses_idx_user_addresses_user; Type: INDEX; Schema: public; Owner: lapstore_db_user
--

CREATE INDEX idx_user_addresses_idx_user_addresses_user ON public.user_addresses USING btree (user_id);


--
-- TOC entry 3536 (class 1259 OID 16813)
-- Name: idx_user_addresses_user; Type: INDEX; Schema: public; Owner: lapstore_db_user
--

CREATE INDEX idx_user_addresses_user ON public.user_addresses USING btree (user_id);


--
-- TOC entry 3537 (class 1259 OID 16814)
-- Name: idx_user_addresses_user_default; Type: INDEX; Schema: public; Owner: lapstore_db_user
--

CREATE INDEX idx_user_addresses_user_default ON public.user_addresses USING btree (user_id, is_default);


--
-- TOC entry 2146 (class 826 OID 16391)
-- Name: DEFAULT PRIVILEGES FOR SEQUENCES; Type: DEFAULT ACL; Schema: -; Owner: postgres
--

ALTER DEFAULT PRIVILEGES FOR ROLE postgres GRANT ALL ON SEQUENCES TO lapstore_db_user;


--
-- TOC entry 2148 (class 826 OID 16393)
-- Name: DEFAULT PRIVILEGES FOR TYPES; Type: DEFAULT ACL; Schema: -; Owner: postgres
--

ALTER DEFAULT PRIVILEGES FOR ROLE postgres GRANT ALL ON TYPES TO lapstore_db_user;


--
-- TOC entry 2147 (class 826 OID 16392)
-- Name: DEFAULT PRIVILEGES FOR FUNCTIONS; Type: DEFAULT ACL; Schema: -; Owner: postgres
--

ALTER DEFAULT PRIVILEGES FOR ROLE postgres GRANT ALL ON FUNCTIONS TO lapstore_db_user;


--
-- TOC entry 2145 (class 826 OID 16390)
-- Name: DEFAULT PRIVILEGES FOR TABLES; Type: DEFAULT ACL; Schema: -; Owner: postgres
--

ALTER DEFAULT PRIVILEGES FOR ROLE postgres GRANT ALL ON TABLES TO lapstore_db_user;


-- Completed on 2026-04-07 18:24:17

--
-- PostgreSQL database dump complete
--

\unrestrict LoE3XgCLIhhSMovwRne4vzp1gUO6ukPVk95mkpAd4HHlUYgX2SYZkzGqwBZGTWf

